https://99bitcoins.com/buy-bitcoin/buy-bitcoin-with-apple-pay/,NEGATIVE
https://99bitcoins.com/bitcoin-news-summary-feb-7-2022/,NEGATIVE
https://bitcoinmagazine.com/business/senator-lummis-details-new-bitcoin-bill,NEGATIVE
https://99bitcoins.com/bitcoin-obituaries,NEGATIVE
https://bitcoinmagazine.com/culture/bitcoin-and-degenerate-fiat-capitalism,NEGATIVE
https://bitcoinmagazine.com/business/nasdaq-finds-72-of-surveyed-financial-advisors-wanting-bitcoin-allocation,NEGATIVE
https://bitcoinmagazine.com/culture/bitcoin-songsheet-airline-miles,NEGATIVE
https://bitcoinmagazine.com/authors/jimmy-song,NEGATIVE
https://bitcoinmagazine.com/authors/namcios,NEGATIVE
https://bitcoinmagazine.com/business/canaan-announces-a-new-bitcoin-asic-and-green-mining,NEGATIVE
https://bitcoinmagazine.com/business/blockstream-using-tesla-array-for-bitcoin-mining,NEGATIVE
https://bitcoinmagazine.com/culture/bitcoin-advocacy-project-launches-super-pac,NEGATIVE
https://bitcoinmagazine.com/industry-events/jack-mallers-adding-bitcoin-to-major-pos-networks,NEGATIVE
https://coinbuzzfeed.com/malaysias-government-has-said-that-bitcoin-would-not-be-accepted-as-legal-tender/,NEGATIVE
https://economictimes.indiatimes.com/markets/cryptocurrency/top-cryptocurrency-prices-today-bitcoin-shiba-inu-solana-dogecoin-ethereum-fall-up-to-9/articleshow/90790915.cms,NEGATIVE
https://cointelegraph.com/news/bitcoin-slides-below-44k-in-april-first-as-trader-warns-something-is-off-with-btc,NEGATIVE
https://cointelegraph.com/news/bitcoin-whales-fill-their-bags-despite-warnings-btc-price-could-fall-below-40k,NEGATIVE
https://www.coindesk.com/markets/2022/04/11/bitcoin-falls-below-40k-for-first-time-since-mid-march/?utm_medium=referral&utm_source=rss&utm_campaign=headlines,NEGATIVE
https://coinbuzzfeed.com/exchanges-have-seen-unprecedented-outflows-of-ether-while-bitcoin-has-broken-over-the-43000-barrier/,NEGATIVE
https://www.newsbtc.com/press-releases/,NEGATIVE
https://news.bitcoin.com/gofrom/featured_rotator/miami-mayor-vision-for-bitcoin-america-integrate-btc-into-every-aspect-of-society,NEGATIVE
https://news.bitcoin.com/gofrom/featured_rotator/billionaire-peter-thiel-bitcoin-could-rise-100x-unveils-btcs-enemy-list-warren-buffett-at-top,NEGATIVE
https://news.bitcoin.com/iran-will-not-allow-crypto-payments-prepares-to-pilot-digital-rial/,NEGATIVE
https://news.bitcoin.com/stablecoin-economy-is-10-billion-away-from-reaching-a-200-billion-market-cap/,NEGATIVE
https://news.bitcoin.com/bitcoin-ethereum-technical-analysis-btc-eth-both-start-week-around-3-week-lows/,NEGATIVE
https://decrypt.co/97531/crypto-market-melts-down-bitcoin-drops-ethereum-loses,NEGATIVE
https://prices.org/,NEGATIVE
https://zycrypto.com/why-shark-tank-star-kevin-oleary-thinks-bitcoin-mining-will-save-the-world/,NEGATIVE
https://www.btctimes.com/news/this-small-texas-bank-is-paying-employees-in-bitcoin,NEGATIVE
https://www.btctimes.com/news/tesla-block-inc-and-blockstream-team-up-to-mine-bitcoin,NEGATIVE
https://www.btctimes.com/press-release/woleet-sign-the-bitcoin-based-e-signature-app,NEGATIVE
https://www.btctimes.com/press-release/btctimes-launches-news-platform,NEGATIVE
https://ambcrypto.com/bitcoin-crashes-through-45k-but-investors-arent-done-buying-the-dip/,NEGATIVE
https://ambcrypto.com/report-bitcoin-fees-at-all-time-lows-but-heres-why-its-important-this-time/,NEGATIVE
https://bitcoinmagazine.com/#main-content,NEUTRAL
https://bitcoinmagazine.com/industry-events,NEUTRAL
https://bitcoinmagazine.com/culture,NEUTRAL
https://cointelegraph.com/,NEUTRAL
https://99bitcoins.com/buy-bitcoin/,NEUTRAL
https://bitcoinmagazine.com/business,NEUTRAL
https://bitcoinmagazine.com/technical,NEUTRAL
https://99bitcoins.com/buy-bitcoin/paypal/,NEUTRAL
https://bitcoinmagazine.com/markets,NEUTRAL
https://99bitcoins.com/buy-bitcoin/credit-card/,NEUTRAL
https://99bitcoins.com/buy-bitcoin/debit-card/,NEUTRAL
https://cryptosrus.com/#,NEUTRAL
https://store.bitcoinmagazine.com/,NEUTRAL
https://conference.bitcoinmagazine.com/,NEUTRAL
https://99bitcoins.com/buy-bitcoin/buy-bitcoin-with-cash/,NEUTRAL
https://cointelegraph.com/bitcoin-price,NEUTRAL
https://earncarrot.com/,NEUTRAL
https://99bitcoins.com/buy-bitcoin/buy-bitcoin-anonymously-without-id/,NEUTRAL
https://bitcoinmagazine.com/press-releases,NEUTRAL
https://bitcoinmagazine.com/reviews,NEUTRAL
https://99bitcoins.com/bitcoin-wallet/apps/,NEUTRAL
http://b.tc/21days,NEUTRAL
https://cryptosrus.com/mining/,NEUTRAL
https://99bitcoins.com/bitcoin-wallet/paper/,NEUTRAL
https://99bitcoins.com/bitcoin-trading/,NEUTRAL
https://99bitcoins.com/earn-bitcoins/,NEUTRAL
https://bitcoinmagazine.com/about,NEUTRAL
https://99bitcoins.com/bitcoin-mining/,NEUTRAL
https://99bitcoins.com/bitcoin-mining/calculator/,NEUTRAL
https://99bitcoins.com/bitcoin-mining/cloud-mining/,NEUTRAL
https://b.tc/,NEUTRAL
https://99bitcoins.com/best-bitcoin-casino/,NEUTRAL
https://bitcoinmagazine.com/,NEUTRAL
https://bitcoinmagazine.com/articles,NEUTRAL
https://bitcoinmagazine.com/tags/deep-dive,NEUTRAL
https://bitcoinmagazine.com/tags/bitcoin-mining,NEUTRAL
https://99bitcoins.com/bitcoin-news-summary-apr-4-2022/,NEUTRAL
https://bitcoinmagazine.com/search,NEUTRAL
https://99bitcoins.com/bitcoin-news-summary-mar-21-2022/,NEUTRAL
https://cryptosrus.teachable.com/,NEUTRAL
https://cointelegraph.com/bitcoin-cash-price-index,NEUTRAL
https://99bitcoins.com/bitcoin-news-summary-mar-14-2022/,NEUTRAL
https://dailycoin.com/bitcoin/,NEUTRAL
https://99bitcoins.com/bitcoin-news-summary-feb-14-2022/,NEUTRAL
https://bitcoinmagazine.com/industry-events/bitcoin-2022,NEUTRAL
https://bitcoinmagazine.com/culture/eric-weinstein-and-avi-loeb-breaking-physics-and-changing-the-world,NEUTRAL
https://bitcoinmagazine.com/authors/shawn-amick,NEUTRAL
https://bitcoinmagazine.com/tags/news,NEUTRAL
https://bitcoinmagazine.com/industry-events/jordan-peterson-champions-capitalism,NEUTRAL
https://dailycoin.com/bitcoin/bitcoin-price-updates/,NEUTRAL
https://bitcoinmagazine.com/authors/casey,NEUTRAL
https://bitcoinmagazine.com/guides/what-is-bitcoin,NEUTRAL
https://bitcoinmagazine.com/guides/how-to-get-bitcoins,NEUTRAL
https://bitcoinmagazine.com/guides/how-to-get-bitcoins,NEUTRAL
https://bitcoinmagazine.com/guides/using-bitcoin,NEUTRAL
https://bitcoinmagazine.com/guides/using-bitcoin,NEUTRAL
https://bitcoinmagazine.com/start,NEUTRAL
https://bitcoinmagazine.com/start,NEUTRAL
https://bitcoinmagazine.com/guides,NEUTRAL
https://dailycoin.com/bitcoin/hashrate-updates/,NEUTRAL
https://99bitcoins.com/bitcoin/historical-price,NEUTRAL
https://bitcoinmagazine.com/authors/allen-farrington-and-sacha-meyers,NEUTRAL
https://bitcoinmagazine.com/tags/feature,NEUTRAL
https://bitcoinmagazine.com/culture/mega-meetup-brings-bitcoin-users-together,NEUTRAL
https://bitcoinmagazine.com/authors/craig-deutsch,NEUTRAL
https://bitcoinmagazine.com/tags/opinion,NEUTRAL
https://bitcoinmagazine.com/culture/bitcoin-2022-motorcycle-tour-across-u-s,NEUTRAL
https://bitcoinmagazine.com/authors/captain-sidd,NEUTRAL
https://dailycoin.com/bitcoin/whales-and-shrimps/,NEUTRAL
https://bitcoinmagazine.com/business/bitcoin-2022-panel-on-crypto-regulation,NEUTRAL
https://bitcoinmagazine.com/authors/rick-mulvey,NEUTRAL
https://bitcoinmagazine.com/authors/peter-chawaga,NEUTRAL
https://bitcoinmagazine.com/technical/state-of-bitcoin-lightning-network-privacy,NEUTRAL
https://coinbuzzfeed.com#primary,NEUTRAL
https://bitcoinmagazine.com/business/curve-announces-bitcoin-rewards-program,NEUTRAL
https://bitcoinmagazine.com/business/curve-announces-bitcoin-rewards-program,NEUTRAL
https://bitcoinmagazine.com/authors/bitcoin-magazine,NEUTRAL
https://bitcoinmagazine.com/technical/coinjoin-coinswap-enable-bitcoin-privacy,NEUTRAL
https://bitcoinmagazine.com/industry-events/you-are-the-carbon-they-want-to-reduce,NEUTRAL
https://coinbuzzfeed.com/,NEUTRAL
https://b.tc,NEUTRAL
https://www.okex.com/join/1878723,NEUTRAL
https://cryptoslate.com/news/bitcoin/,NEUTRAL
https://cryptoslate.com/60-minutes-reports-on-how-bitcoin-is-building-a-circular-economy-in-el-zonte/,NEUTRAL
https://coinbuzzfeed.com/crypto-charts/,NEUTRAL
https://cryptoslate.com/bitcoin-ethereum-correlation-to-big-tech-stock-increases/,NEUTRAL
https://www.cudominer.com/?a=yIz9wdRiK,NEUTRAL
http://Coinbuzzfeed.com,NEUTRAL
http://COINBUZZFEED.COM,NEUTRAL
https://coinbuzzfeed.com/bitcoin-mining-calculator/,NEUTRAL
https://cryptoslate.com/bitcoin-to-be-accepted-by-mcdonalds-and-walmart-via-lightning-network/,NEUTRAL
https://cryptoslate.com/honduras-adopts-bitcoin-as-legal-tender-but-theres-a-catch/,NEUTRAL
https://cryptoslate.com/block-blockstream-and-tesla-collaborate-for-green-bitcoin-mining-facility/,NEUTRAL
https://cryptoslate.com/celsius-holds-more-bitcoin-than-any-other-company/,NEUTRAL
https://coinbuzzfeed.com#sidr,NEUTRAL
https://coinbuzzfeed.com#search-drop,NEUTRAL
https://cointelegraph.com/tags/bitcoin,NEUTRAL
https://dailycoin.com/cryptopedia/bitcoin-101/,NEUTRAL
https://coinbuzzfeed.com/bitcoin-price-retests-the-45k-overhead-resistance-can-bulls-break-the-recent-high/,NEUTRAL
https://coinbuzzfeed.com/bill-payments-with-bitcoin-are-now-legal-in-a-us-city/,NEUTRAL
https://coinbuzzfeed.com/bitcoin-game-theory-intensifies-russia-accepts-bitcoin-for-exports/,NEUTRAL
https://in.tradingview.com/symbols/BTCUSD/?exchange=COINBASE,NEUTRAL
https://cryptosrus.com/how-to-save-on-transaction-fees-with-the-bitcoin-lightning-network/,NEUTRAL
https://cointelegraph.com/bitcoin-for-beginners,NEUTRAL
https://cointelegraph.com/bitcoin-for-beginners,NEUTRAL
https://www.financialexpress.com/digital-currency/top-crypto-price-news-today-april-12-bitcoin-eth-bnb-xrp-solana-ada-luna-avax-dogecoin/2488709/,NEUTRAL
https://coinbuzzfeed.com/tag/bitcoin/,NEUTRAL
https://cointelegraph.com/news/bitcoin-claws-back-40k-as-24-hour-crypto-liquidations-near-500m,NEUTRAL
https://www.newsbtc.com/crypto/bitcoin-price-plummets-below-40000/,NEUTRAL
https://www.coindesk.com/markets/2022/04/12/long-crypto-traders-feel-pain-as-bitcoins-slide-leads-to-430m-in-liquidations/?utm_medium=referral&utm_source=rss&utm_campaign=headlines,NEUTRAL
https://cryptosrus.com/fierce-debate-sparked-over-terras-bitcoin-reserve-plans/,NEUTRAL
https://cryptosrus.com/bitcoin-ethereum-key-narratives-to-watch-in-2022/,NEUTRAL
https://cryptonews.com/news/bitcoin-below-usd-40k-ethereum-loses-usd-3k-altcoins-dive.htm,NEUTRAL
https://bitcoinist.com/60-minutes-el-salvador-bitcoin-beach/,NEUTRAL
https://cryptoslate.com/extraordinarily-elevated-inflation-expected-tomorrow-april-12-will-bitcoin-react/,NEUTRAL
https://cointelegraph.com/news/bitcoin-trader-eyes-38k-dip-as-cathie-wood-confirms-1m-btc-price-target-by-2030,NEUTRAL
https://cryptoslate.com/?s=Bitcoin,NEUTRAL
https://www.newsbtc.com/analysis/btc/bitcoin-dives-below-40k-2/,NEUTRAL
https://coinbuzzfeed.com/bitcoin-reaches-45k-as-a-result-of-the-petrobitcoin-sentiment/,NEUTRAL
https://bitcoinist.com/shanghai-tragedy-reminds-why-china-banned-bitcoin/,NEUTRAL
https://coinbuzzfeed.com/the-amount-of-power-used-by-global-air-conditioning-is-16-times-that-of-bitcoin/,NEUTRAL
https://www.coindesk.com/markets/2022/04/11/first-mover-asia-mark-karpeles-ungox-wants-to-help-investors-assess-the-risks-of-crypto-products-bitcoin-drops-below-40k/?utm_medium=referral&utm_source=rss&utm_campaign=headlines,NEUTRAL
https://www.coindesk.com/markets/2022/04/11/market-wrap-bitcoin-sell-off-deepens-as-correlation-with-stocks-rise/?utm_medium=referral&utm_source=rss&utm_campaign=headlines,NEUTRAL
https://coinbuzzfeed.com#,NEUTRAL
https://cointelegraph.com/news/bitcoin-price-drops-to-39k-but-data-shows-leverage-traders-dreaming-of-50k,NEUTRAL
https://coinbuzzfeed.com/?_page=2,NEUTRAL
https://cryptoslate.com/mallers-bitcoin-payment-demo-was-staged-but-chicago-store-will-accept-crypto-soon/,NEUTRAL
https://www.newsbtc.com/news/bitcoin/on-chain-suggests-bitcoin-miners-behind-selloff/,NEUTRAL
https://coinbuzzfeed.com/?_page=3,NEUTRAL
https://bitcoinist.com/bitcoin-2022-miami-renaissance-art-gallery/,NEUTRAL
https://coinbuzzfeed.com/?_page=786,NEUTRAL
https://bitcoinist.com/crypto-futures-323m-liquidations-btc-plunges-41k/,NEUTRAL
https://coinbuzzfeed.com/?_page=2,NEUTRAL
https://www.coindesk.com/business/2022/04/11/bitcoin-miner-crusoe-mostly-unaffected-by-north-dakota-oil-site-explosion/?utm_medium=referral&utm_source=rss&utm_campaign=headlines,NEUTRAL
https://bitcoinist.com/bitcoin-2022-recap-thiel-salinas-keiser-mallers/,NEUTRAL
https://coinbuzzfeed.com/?_page=2,NEUTRAL
https://www.coindesk.com/markets/2022/04/11/bitcoin-approaches-support-zone-at-37k-40k/?utm_medium=referral&utm_source=rss&utm_campaign=headlines,NEUTRAL
https://coinbuzzfeed.com/?_page=3,NEUTRAL
https://coinbuzzfeed.com/?_page=313,NEUTRAL
https://cryptosrus.com/currencies/BTC/bitcoin/,NEUTRAL
https://coinbuzzfeed.com/?_page=2,NEUTRAL
https://coinbuzzfeed.com/ethereum-will-continue-to-outperform-bitcoin/,NEUTRAL
https://coinbuzzfeed.com/?_page=2,NEUTRAL
https://www.newsbtc.com/,NEUTRAL
https://coinbuzzfeed.com/?_page=3,NEUTRAL
https://www.newsbtc.com/news/bitcoin/,NEUTRAL
https://coinbuzzfeed.com/?_page=102,NEUTRAL
https://coinbuzzfeed.com/?_page=2,NEUTRAL
https://bitcoinist.com/category/press-releases/,NEUTRAL
https://coinbuzzfeed.com/?_page=2,NEUTRAL
https://coinbuzzfeed.com/?_page=3,NEUTRAL
https://bitcoinist.com/,NEUTRAL
https://coinbuzzfeed.com/?_page=54,NEUTRAL
https://bitcoinist.com#,NEUTRAL
https://coinbuzzfeed.com/?_page=2,NEUTRAL
https://bitcoinist.com/category/bitcoin/,NEUTRAL
https://bitcoinist.com/category/bitcoin/,NEUTRAL
https://www.newsbtc.com/analysis/btc/,NEUTRAL
https://bitcoinist.com/category/bitcoin-price/,NEUTRAL
https://www.newsbtc.com/analysis/eth/,NEUTRAL
https://coinbuzzfeed.com/?_page=2,NEUTRAL
https://bitcoinist.com/category/bitcoin-businesses/,NEUTRAL
https://bitcoinist.com/category/bitcoin-acceptance/,NEUTRAL
https://coinbuzzfeed.com/?_page=3,NEUTRAL
https://bitcoinist.com/category/bitcoin-technology/,NEUTRAL
https://bitcoinist.com/category/bitcoin-investment/,NEUTRAL
https://coinbuzzfeed.com/?_page=50,NEUTRAL
https://bitcoinist.com/category/bitcoin-regulation/,NEUTRAL
https://www.newsbtc.com/analysis/xtz/,NEUTRAL
https://bitcoinist.com/category/reviews/,NEUTRAL
https://coinbuzzfeed.com/?_page=2,NEUTRAL
https://in.tradingview.com/symbols/BTCUSDT/technicals/,NEUTRAL
https://dailycoin.com/crypto-flipsider-news-bitcoin-drops-under-42k-bearish-trend-engulfs-altcoins-luna-purchases-173m-in-bitcoin-coinbase-suspends-upi-payment-in-india-binance-abu-dhabi-approval-tesla-to/,NEUTRAL
https://decrypt.co/97547/bitcoin-recovers-40000-amid-wider-crypto-market-slump,NEUTRAL
https://news.bitcoin.com/bitfinex-and-tether-launch-public-fund-to-support-salvadoran-families-affected-by-gang-violence/,NEUTRAL
https://www.newsbtc.com/news/yearnfinance/,NEUTRAL
https://coinjournal.net/news/bitcoin-briefly-declines-below-40k-will-it-drop-towards-35k-soon/,NEUTRAL
https://coinbuzzfeed.com/bitcoin-futures-trading/,NEUTRAL
https://www.newsbtc.com#,NEUTRAL
https://www.newsbtc.com/bitcoin-businesses/,NEUTRAL
https://bitcoinist.com/category/bitcoin-security/,NEUTRAL
https://www.newsbtc.com/casinos/,NEUTRAL
https://www.newsbtc.com/casinos/,NEUTRAL
https://bitcoinist.com/bitcoin-price/,NEUTRAL
https://www.cudominer.com/?a=yIz9wdRiK,NEUTRAL
https://nulltx.com/radio-caca-raca-listed-on-huobi-and-up-more-than-50-surpassing-bitcoin-and-ethereum-in-appreciation/,NEUTRAL
https://bitcoinist.com/what-is-bitcoin-guide/,NEUTRAL
https://blockonomi.com/advertise/,NEUTRAL
https://bitcoinist.com/bitcoin-vs-ethereum/,NEUTRAL
https://blockonomi.com/press-release/,NEUTRAL
https://news.bitcoin.com#,NEUTRAL
https://news.bitcoin.com/category/interview/,NEUTRAL
https://nulltx.com/bitcoin-has-an-impact-on-economies/,NEUTRAL
https://news.bitcoin.com/press-releases/,NEUTRAL
https://news.bitcoin.com/about-bitcoin-news/,NEUTRAL
https://blockonomi.com/bitcoin-price/,NEUTRAL
https://nulltx.com/bitcoins-progress-in-europe/,NEUTRAL
https://bitcoinist.com/bitcoin-cash-abc-vs-bitcoin-cash-sv-examining-the-bitcoin-cash-hash-war/,NEUTRAL
https://news.bitcoin.com/,NEUTRAL
https://blockonomi.com/bitcoin-cash-price/,NEUTRAL
https://news.bitcoin.com/upland-metaverse-continues-to-expand-with-new-features-following-strong-performance/,NEUTRAL
https://blockonomi.com/bitcoin/,NEUTRAL
https://news.bitcoin.com/study-finds-33-4-million-nigerian-adults-hold-or-have-traded-cryptos-in-last-6-months/,NEUTRAL
https://bitcoinist.com/bitcoin-mining-everything-you-need-to-know/,NEUTRAL
https://news.bitcoin.com/gofrom/featured_rotator/sky-mavis-raises-150-million-in-financing-round-led-by-binance-to-refund-users-affected-by-the-ronin-bridge-exploit,NEUTRAL
https://blockonomi.com/out/binance,NEUTRAL
https://news.bitcoin.com/gofrom/featured_rotator/ethereums-hashrate-taps-an-all-time-high-as-miners-race-to-mint-eth-before-the-merge,NEUTRAL
https://news.bitcoin.com/gofrom/featured_rotator/shiba-inu-burn-rate-hits-26000-in-the-last-day-1-4-billion-shib-destroyed-in-24-hours,NEUTRAL
https://bitcoinist.com/how-to-earn-bitcoin-the-definitive-passive-btc-and-crypto-income-guide/,NEUTRAL
https://www.tradingview.com/markets/cryptocurrencies/,NEUTRAL
https://news.bitcoin.com/gofrom/featured_rotator/kevin-oleary-trillions-of-dollars-flood-into-crypto-bitcoin-mining-will-save-the-world,NEUTRAL
https://news.bitcoin.com/ghana-central-bank-reiterates-warning-against-practice-of-pricing-goods-in-forex/,NEUTRAL
https://news.bitcoin.com/epic-games-teams-up-with-lego-to-build-a-kids-metaverse/,NEUTRAL
https://blockonomi.com/bitcoin-2022-spotlight-rootstock-launches-carnival-nfts-on-bitcoin-blockchain/,NEUTRAL
https://news.bitcoin.com/indias-crypto-trading-volume-plunges-further-as-mobikwik-stops-payment-service/,NEUTRAL
https://news.bitcoin.com/billionaire-david-rubenstein-on-why-he-changed-his-mind-about-crypto-i-was-skeptical-in-the-beginning/,NEUTRAL
https://news.bitcoin.com/coinbase-is-creating-a-film-trilogy-featuring-bore-ape-yacht-club-nft-characters/,NEUTRAL
https://news.bitcoin.com/total-value-locked-in-defi-takes-a-hit-losing-21-billion-in-6-days/,NEUTRAL
https://news.bitcoin.com/dao-maker-gears-up-to-release-maradona-d10s-nft-this-april-2022/,NEUTRAL
https://news.bitcoin.com/popular-btm-operator-bitcoin-of-america-welcomes-shiba-inu-coin-to-their-bitcoin-atms/,NEUTRAL
https://news.bitcoin.com/defichain-adds-new-intel-disney-microstrategy-and-more-dtokens/,NEUTRAL
https://news.bitcoin.com/ftse-100-company-entain-deploys-syntropy-to-improve-global-network-performance/,NEUTRAL
https://news.bitcoin.com/ascendex-lists-concordium-ccd/,NEUTRAL
https://news.bitcoin.com/apenft-marketplace-developer-sprint-arrives-with-million-dollar-prizes-to-boost-nft-ecosystems/,NEUTRAL
https://news.bitcoin.com/submit-press-release/,NEUTRAL
https://news.bitcoin.com/billion-dollar-bitcoin-lawsuit-verdict-appealed-self-proclaimed-bitcoin-inventor-expects-a-win/,NEUTRAL
https://blockonomi.com/mbit-casino-review/,NEUTRAL
https://news.bitcoin.com/biggest-movers-rune-and-theta-fall-by-over-10-on-monday/,NEUTRAL
https://news.bitcoin.com/derivatives-exchange-giant-cme-group-adds-11-new-cryptocurrency-reference-rates/,NEUTRAL
https://news.bitcoin.com/imf-warns-russia-sanctions-threaten-to-undermine-us-dollar-dominance/,NEUTRAL
https://news.bitcoin.com/layerzero-labs-secures-135-million-to-bolster-cross-chain-interoperability/,NEUTRAL
https://news.bitcoin.com/fdic-asks-thousands-of-banks-to-disclose-crypto-plans/,NEUTRAL
https://news.bitcoin.com/bank-of-spain-reminds-public-banks-can-block-cryptocurrency-purchases-in-certain-cases/,NEUTRAL
https://blockonomi.com/fortunejack-review/,NEUTRAL
https://news.bitcoin.com/tanzania-officials-want-global-clarity-on-cbdcs-and-crypto-assets/,NEUTRAL
https://news.bitcoin.com/crypto-exchanges-binance-and-whitebit-offer-help-for-ukrainian-refugees/,NEUTRAL
https://news.bitcoin.com/need-to-file-fast-follow-this-no-nonsense-guide-from-koinly/,NEUTRAL
https://blockonomi.com/1xbit-review/,NEUTRAL
https://news.bitcoin.com/uk-regulator-allows-5-crypto-firms-to-operate-with-temporary-registration/,NEUTRAL
https://news.bitcoin.com/mexicos-third-richest-billionaire-warns-of-severe-dollar-inflation-says-buy-bitcoin-to-save-your-skin/,NEUTRAL
https://news.bitcoin.com/elon-musk-suggests-making-dogecoin-a-payment-option-for-twitter-blue-service/,NEUTRAL
https://news.bitcoin.com/page/2/,NEUTRAL
https://news.bitcoin.com/page/3/,NEUTRAL
https://news.bitcoin.com/page/2063/,NEUTRAL
https://decrypt.co/,NEUTRAL
https://www.newsbtc.com/crypto/price-of-bitcoin-retreats-under-42000/,NEUTRAL
https://cryptopotato.com/bitcoin-and-crypto-margin-trading-exchanges-and-guide-for-beginners/,NEUTRAL
https://blockworks.co/issuers-race-to-launch-a-short-bitcoin-futures-etf/,NEUTRAL
https://cryptopotato.com/bitcoin-cryptocurrency-guides-101/,NEUTRAL
https://cryptopotato.com/bitcoin-for-beginners/,NEUTRAL
https://cryptopotato.com/buy-bitcoin-5-easy-steps/,NEUTRAL
https://cryptopotato.com/#,NEUTRAL
https://cryptopotato.com/language/es/cryptopotato-espanol/,NEUTRAL
https://cryptopotato.com/language/tr/cryptopotato-turkce/,NEUTRAL
https://cryptopotato.com/language/ru/cryptopotato-ru/,NEUTRAL
https://blockonomi.com/out/3c,NEUTRAL
https://cryptopotato.com/bitcoin-price-analysis/,NEUTRAL
https://blockworks.co/podcasts/what-bitcoin-did/,NEUTRAL
https://blockworks.co/blockstream-and-block-enlist-tesla-break-ground-on-bitcoin-mine/,NEUTRAL
https://cryptobriefing.com,NEUTRAL
https://blockworks.co/bitcoin-now-legal-tender-in-special-economic-zone-of-honduras/,NEUTRAL
https://www.newsbtc.com/news/company/rsk-is-transforming-the-bitcoin-network-into-a-go-to-destination-for-stablecoins-and-defi/,NEUTRAL
https://zycrypto.com/#,NEUTRAL
https://cryptobriefing.com/bitcoin-is-freedom-reflections-on-bitcoin-2022/,NEUTRAL
https://cryptobriefing.com/bitcoin-is-freedom-reflections-on-bitcoin-2022/,NEUTRAL
https://zycrypto.com/category/bitcoin/,NEUTRAL
https://zycrypto.com/what-is-bitcoin/,NEUTRAL
https://zycrypto.com/recommended-bitcoin-wallets/,NEUTRAL
https://cryptobriefing.com/news/,NEUTRAL
https://zycrypto.com/bitcoin-price-index/,NEUTRAL
https://coinquora.com/news/bitcoin-news/,NEUTRAL
https://coinquora.com/market/prediction/,NEUTRAL
https://coinquora.com/learn/bitcoin-101/,NEUTRAL
https://zycrypto.com/heres-why-bitcoin-has-failed-to-reach-100000-according-to-paypal-founder-peter-thiel/,NEUTRAL
https://cryptoticker.io/en/crypto-news/bitcoin-news/,NEUTRAL
https://zycrypto.com/bitcoin-risks-25-price-crash-with-ether-cardano-solana-tumbling-as-markets-bleed-100-billion/,NEUTRAL
https://bitcoinist.com/ethereum-miners-continue-to-surpass-bitcoin-miners-in-revenue/,NEUTRAL
https://coinquora.com/bitcoin-drops-down-to-about-39k-in-24-hours-is-this-the-bottom/,NEUTRAL
https://cryptobriefing.com/bitcoin-ethereum-look-set-retrace-before-rebounding/,NEUTRAL
https://crypto.games,NEUTRAL
https://bspin.io?pid=a86f0,NEUTRAL
https://bspin.io?pid=a86f0,NEUTRAL
https://zycrypto.com/bitcoin-ether-prices-have-limited-upside-ahead-says-jpmorgan/,NEUTRAL
https://bspin.io?pid=a86f0,NEUTRAL
https://zycrypto.com/bitcoin-is-going-to-the-moon-once-the-fed-finally-steps-back-billionaire-mike-novogratz/,NEUTRAL
https://cryptobriefing.com/crypto-market-back-under-2t-bitcoin-ethereum-tumble/,NEUTRAL
https://cryptoticker.io/en,NEUTRAL
https://cryptoticker.io/de,NEUTRAL
https://cryptobriefing.com/there-will-be-many-things-you-did-not-predict-jordan-peterson-critiques-bitcoin-at-bitcoin-2022/,NEUTRAL
https://cryptoticker.io/es,NEUTRAL
https://www.newsbtc.com/sitemap_index.xml,NEUTRAL
https://cryptobriefing.com/new-bitcoin-political-advocacy-groups-announced-at-bitcoin-2022/,NEUTRAL
https://cryptoticker.io/en/tradingview/bitcoin/,NEUTRAL
https://www.reuters.com/technology/bitcoin-entrepreneur-mow-creates-new-company-inks-el-salvador-deal-2022-04-07/,NEUTRAL
https://www.btctimes.com/news/bitcoin-company-raises-4-million-after-helping-el-salvador,NEUTRAL
https://ambcrypto.com/category/new-news/,NEUTRAL
https://ambcrypto.com/category/bitcoin-news/,NEUTRAL
https://www.btctimes.com/news/recap-bitcoin-2022-day-three-highlights,NEUTRAL
https://coingape.com/?utm_source=header_logo,NEUTRAL
https://cryptoticker.io/en/how-to-recover-your-bitcoin-password-lost-forever/,NEUTRAL
https://coingape.com/#,NEUTRAL
https://ambcrypto.com/#,NEUTRAL
https://es.ambcrypto.com/,NEUTRAL
https://bit.ly/3ra9fAu,NEUTRAL
https://cryptoticker.io/en/page/2/,NEUTRAL
https://coingape.com/category/news/bitcoin-news/,NEUTRAL
https://bitcoinist.com/#respond,NEUTRAL
https://hind.ambcrypto.com/,NEUTRAL
https://www.newsbtc.com#back-to-top,NEUTRAL
https://www.btctimes.com/news/recap-bitcoin-2022-day-two-highlights,NEUTRAL
https://ambcrypto.com/what-bitcoin-flows-tell-you-about-whether-its-time-to-buy-or-sell/,NEUTRAL
https://ambcrypto.com/bitcoin-taking-a-breather-heres-why-btcs-recent-dip-isnt-ominous/,NEUTRAL
https://ambcrypto.com/three-reasons-why-you-should-not-be-bearish-on-bitcoin-in-2022/,NEUTRAL
https://ambcrypto.com/with-bitcoin-under-45k-1b-worth-of-btc-entering-exchanges-is-panic-selling-underway/,NEUTRAL
https://www.btctimes.com/news/samson-mow-pushes-for-nation-state-bitcoin-adoption,NEUTRAL
https://blockchain.news/#,NEUTRAL
https://coingape.com/category/news/bitcoin-news/?utm_source=menubar,NEUTRAL
https://www.btctimes.com/press-release/blockstream-launches-aqua-a-new-bitcoin-liquid-wallet,NEUTRAL
https://www.btctimes.com/press-release/magical-crypto-friends-to-host-world's-first-virtual-reality-bitcoin-conference,NEUTRAL
https://www.btctimes.com/press-release/secure-your-bitcoin-and-liquid-assets-with-blockstream-jade,NEUTRAL
https://ambcrypto.com/is-your-feed-filling-up-with-buy-the-dip-mentions-heres-what-you-need-to-know/,NEUTRAL
https://blockchain.news/tag/Bitcoin,NEUTRAL
https://coingape.com/category/cryptoguru/guides/bitcoin/?utm_source=menubar,NEUTRAL
https://blockchain.news/tag/Bitcoin-price,NEUTRAL
https://ambcrypto.com/page/2/,NEUTRAL
https://ambcrypto.com/page/3/,NEUTRAL
https://ambcrypto.com/page/4/,NEUTRAL
https://bitcoinist.com/editorial-policy/,NEUTRAL
https://coingape.com/wiki/?utm_source=menubar,NEUTRAL
https://ambcrypto.com/page/5/,NEUTRAL
https://ambcrypto.com/page/1205/,NEUTRAL
https://coingape.com/?utm_source=menubar,NEUTRAL
https://coingape.com/?utm_source=header_logo_en,NEUTRAL
https://bitcoinist.com#back-to-top,NEUTRAL
https://coingape.com/tag/bitcoin-price-analysis/?utm_source=menubar,NEUTRAL
https://coingape.com/category/cryptoguru/guides/bitcoin/,NEUTRAL
https://coingape.com/btc-liquidations-bitcoin-slumps/,NEUTRAL
https://coingape.com/this-historical-event-is-driving-bitcoin-btc-price-lower-whats-next/,NEUTRAL
https://coingape.com/bitcoin-btc-extends-losses-37k-next-support/,NEUTRAL
https://coingape.com/bitcoin-btc-long-liquidations-hit-2-mth-high-as-price-plummets/,NEUTRAL
https://coingape.com/analyst-predicts-when-bitcoin-price-all-time-high/,NEUTRAL
https://coingape.com/bitcoin-btc-price-is-set-to-rally-on-these-two-key-factors/,NEUTRAL
https://coingape.com/strike-partners-with-e-commerce-giant-shopify-to-facilitate-bitcoin-btc-payments/,NEUTRAL
https://coingape.com/breaking-senator-kempis-rallies-to-make-bitcoin-legal-tender-in-mexico/,NEUTRAL
https://coingape.com/bitcoin-poised-to-outperform-nasdaq-100-bloomberg/,NEUTRAL
https://coingape.com/terra-founder-addresses-concerns-on-any-loss-of-bitcoin-peg-to-ust-stablecoin/amp/,NEUTRAL
https://coingape.com/vitalik-buteein-makes-a-bullish-case-for-bitcoin-maximalists/,NEUTRAL
https://coingape.com/bitcoin-crypto-market-tank-5-eu-passes-rules-banning-private-crypto-transactions/amp/,NEUTRAL
https://coingape.com/bitcoin-btc-takes-a-pause-after-surging-to-48000-but-whale-activity-remains-strong/?utm_source=priceanalysisbar,NEUTRAL
https://coingape.com/bitcoin-btc-long-term-holder-accumulation-hits-new-high-ethereum-eth-whales-addresses-increase/,NEUTRAL
https://coingape.com/markets/bitcoin-price-prediction-could-btc-price-sustain-above-40000/,NEUTRAL
https://coingape.com/web-stories/bitmex-ceo-predicts-bitcoin-might-slump-to-30000/,NEUTRAL
https://coingape.com/web-stories/jordan-petersonif-bitcoin-maintains-privacy-is-it-irreversible/,NEUTRAL
https://coingape.com/web-stories/jack-dorsey-elon-musk-and-adam-back-team-up-to-mine-bitcoin/,NEUTRAL
https://blockchain.news/analysis/bullish-weekly-opening-turned-sour-as-bitcoin-recorded-price-reversals,NEUTRAL
https://coingape.com/web-stories/1m-price-target-on-bitcoin-cathie-ricardo-kevin-peter/,NEUTRAL
https://coingape.com/web-stories/worlds-richest-non-exchange-bitcoin-whale-acquires-140-million-worth-btc/,NEUTRAL
https://blockchain.news/news/bitcoin-becomes-legal-tender-in-honduran-special-economic-zone,NEUTRAL
https://coingape.com/web-stories/ufc-to-pay-fighters-bitcoin-bonuses/,NEUTRAL
https://coingape.com/web-stories/miami-mayor-shares-bitcoin-2024-vision/,NEUTRAL
https://coingape.com/web-stories/anthony-scaramucci-predicts-bitcoin-to-hit-500000/,NEUTRAL
https://99bitcoins.com,POSITIVE
https://99bitcoins.com/bitcoin-wallet/,POSITIVE
https://mailchi.mp/bitcoinmagazine/subscribe,POSITIVE
https://99bitcoins.com/bitcoin-exchanges/,POSITIVE
https://99bitcoins.com/bitcoin-mining/hardware/,POSITIVE
https://99bitcoins.com/bitcoin/loan/,POSITIVE
https://99bitcoins.com/bitcoin/affiliate-programs/,POSITIVE
https://bitcoinmagazine.com/culture/neal-katyal-argues-for-bitcoin-regulation,POSITIVE
https://cryptonews.com/news/bitcoin-and-ethereum-rebound-after-dipping-below-key-support-near-and-xmr-rally.htm,POSITIVE
https://www.newsbtc.com/news/company/top-bitcoin-casinos-2022-in-india-best-bonuses-and-more/,POSITIVE
https://cointelegraph.com/news/bitcoin-price-dip-to-39-2k-places-btc-back-in-bear-market-territory,POSITIVE
https://www.newsbtc.com/brokers/,POSITIVE
https://bitcoinist.com/best-bitcoin-wallet/,POSITIVE
https://bitcoinist.com/best-bitcoin-brokers/,POSITIVE
https://bitcoinist.com/best-bitcoin-forex-brokers-how-to-choose-the-best-bitcoin-forex-broker/,POSITIVE
https://blockonomi.com/out/primexbt,POSITIVE
https://blockonomi.com/bitcoin-trading-bots/,POSITIVE
https://zycrypto.com/how-to-buy-and-sell-bitcoin/,POSITIVE
https://zycrypto.com/several-regions-in-the-world-are-turning-to-bitcoin-as-legal-tender-after-el-salvadors-lead/,POSITIVE
https://primexbt.com/?utm_source=newsbtc&utm_medium=cpm&utm_campaign=broker-listing,POSITIVE
https://www.btctimes.com/news/bitcoin-is-freedom-alex-gladstein-and-panelists-speak-on-financial-privilege-and-liberation,POSITIVE
https://ambcrypto.com/will-lighting-labs-dream-to-make-a-dollar-backed-by-bitcoins-liquidity-come-true/,POSITIVE
https://ambcrypto.com/bitcoin-reasons-why-btc-is-holding-strong-above-45000/,POSITIVE
