"https://bitcoinist.com/best-bitcoin-brokers/","POSITIVE"
"https://bitcoinist.com/best-bitcoin-forex-brokers-how-to-choose-the-best-bitcoin-forex-broker/","POSITIVE"
"https://www.newsbtc.com/brokers/","POSITIVE"
"https://dcg.co/#digital-assets-portfolio","POSITIVE"
"https://mailchi.mp/bitcoinmagazine/subscribe","POSITIVE"
"https://bitcoinist.com/abey-wins-aibc-blockchain-solution-of-the-year/","POSITIVE"
"https://coinjoy.io/tags/internet-computer-icp-price-prediction","POSITIVE"
"https://news.bitcoin.com/paradigm-launches-2-5-billion-venture-fund-invest-next-generation-crypto-companies-protocols/","POSITIVE"
"https://nulltx.com/why-decentraland-is-the-best-metaverse-project-on-the-market/","POSITIVE"
"https://decrypt.co/19326/best-cryptocurrency-hardware-wallets","POSITIVE"
"https://news.bitcoin.com/planet-x-movie-metaverse-launches-with-mr-metaverse-and-rare-sorayama-nft-pieces/","POSITIVE"
"https://thecryptobasic.com/2020/01/28/how-to-trade-cryptocurrency-best-cryptocurrency-trading-strategies/","POSITIVE"
"https://studentcoin.app/?utm_source=NewsBTC.com&utm_campaign=LatterPosition","POSITIVE"
"https://coinjoy.io/tags/ethereum-price-prediction","POSITIVE"
"https://coinjoy.io/media/333/weekly-digest-iota-smart-contracts-and-rarible-s-content-credentials","POSITIVE"
"https://coinjoy.io/media/313/rolling-stocks-fantom-crypto-a-smart-crypto-for-smart-cities","POSITIVE"
"https://www.coindesk.com/tech/2021/11/18/acala-wins-first-polkadot-parachain-auction-with-13b-in-dot-committed/","POSITIVE"
"https://www.coindesk.com/tech/2021/11/18/blockchain-backend-firm-alchemy-moves-to-bring-nfts-to-a-wider-audience/","POSITIVE"
"https://coinjoy.io/tags/coti-price-prediction","POSITIVE"
"https://cryptoslate.com/solana-powered-genopets-is-redefining-nft-gaming-with-its-move-to-earn-concept/","POSITIVE"
"https://www.newsbtc.com/news/company/titan-hunters-a-brave-new-nft-gaming-project-that-is-poised-to-capture-millions-of-gamers/","POSITIVE"
"https://blockworks.co/idx-advisors-launches-risk-managed-bitcoin-strategy-mutual-fund/","POSITIVE"
"https://blockworks.co/newsletter/","POSITIVE"
"https://coinjoy.io/tags/amp-price-prediction","POSITIVE"
"https://cryptoslate.com/new-zksync-sidechain-brings-privacy-and-decentralization-at-a-few-cents-to-ethereum-users/","POSITIVE"
"https://bitcoinist.com/abey-wins-aibc-blockchain-solution-of-the-year/?utm_source=rss&utm_medium=rss&utm_campaign=abey-wins-aibc-blockchain-solution-of-the-year","POSITIVE"
"https://bitcoinist.com/best-bitcoin-wallet/","POSITIVE"
"https://blockworks.co/advertise/","POSITIVE"
"https://www.theblockcrypto.com/data/crypto-markets/spot","POSITIVE"
"https://coinjoy.io/tags/chiliz-price-prediction","POSITIVE"
"https://bitcoinmagazine.com/markets/congressmen-seek-to-strike-bitcoin-reporting-requirements-from-infrastructure-bill","POSITIVE"
"https://blockonomi.com/out/primexbt","POSITIVE"
"https://nulltx.com/wax-price-up-44-increased-user-adoption-signals-growing-interest-in-the-platform/","POSITIVE"
"https://thecryptobasic.com/2021/11/17/portal-and-polygon-enter-strategic-partnership-to-boost-bitcoin-usability-in-defi-ecosystem/","POSITIVE"
"https://www.theblockcrypto.com/news+/124816/the-startup-behind-el-salvadors-bitcoin-wallets-is-taking-the-product-global","POSITIVE"
"https://cryptonews.com/news/half-of-uniswaps-liquidity-providers-see-negative-returns-study-claims.htm","POSITIVE"
"https://thecryptobasic.com/2021/05/08/top-binance-smart-chain-tokens-of-2021/","POSITIVE"
"https://cointelegraph.com/news/peru-to-partner-with-india-hk-and-singapore-central-banks-on-a-cbdc","POSITIVE"
"https://dcg.co/","POSITIVE"
"https://thecryptobasic.com#","POSITIVE"
"https://coinjoy.io/tags/ecomi-omi-price-prediction","POSITIVE"
"https://coinjoy.io/tags/kava-price-prediction","POSITIVE"
"https://thecryptobasic.com/2021/05/08/top-binance-smart-chain-tokens-of-2021/#comments","POSITIVE"
"https://bitcoinist.com/author/owiebest/","POSITIVE"
"https://news.bitcoin.com/li-rongbin-founding-partner-of-sevenx-ventures-explains-where-the-metaverse-and-nft-market-are-heading/","POSITIVE"
"https://decrypt.co/85808/the-next-wave-of-nfts-is-starting-with-community-first","POSITIVE"
"https://thecryptobasic.com/2020/01/28/what-is-ethereum-and-how-does-it-work/","POSITIVE"
"https://cryptonews.com/news/bipartisan-bill-aims-to-fix-infra-bill-time-holds-ethereum-more-news.htm","POSITIVE"
"https://coinjoy.io/media/332/coingecko-review-one-of-the-best-crypto-analysis-tools","POSITIVE"
"https://www.theblockcrypto.com/data","POSITIVE"
"https://thecryptobasic.com/","POSITIVE"
"https://coinjoy.io/tags/monero-price-prediction","POSITIVE"
"https://trustwallet.com","POSITIVE"
"https://www.theblockcrypto.com/linked/124798/bitso-unveils-new-stablecoin-tool-for-mexico-us-payments","POSITIVE"
"https://thecryptobasic.com/2021/11/09/slowly-but-surely-after-surpassing-facebook-tesla-visa-ali-baba-nivida-in-market-cap-bitcoin-is-on-its-way-to-beat-silver/","POSITIVE"
"https://thecryptobasic.com/2021/11/18/fidelity-receives-canadas-digital-asset-custody-license-to-handle-bitcoin-for-institutional-investors/","POSITIVE"
"https://thecryptobasic.com/2021/11/09/btc-new-all-time-high-68520-ethereum-new-all-time-high-4838-total-crypto-market-cap-above-3-trillion-for-the-first-time/#respond","POSITIVE"
"https://coinjoy.io/tags/harmony-one-news","POSITIVE"
"https://thecryptobasic.com/2021/11/09/btc-new-all-time-high-68520-ethereum-new-all-time-high-4838-total-crypto-market-cap-above-3-trillion-for-the-first-time/","POSITIVE"
"https://coinjoy.io/media/345/defying-gravity-micropets-token-meme-hype-for-fun-and-benefit","POSITIVE"
"https://cointelegraph.com/news/post-malone-features-bayc-nfts-in-new-music-video-with-the-weeknd","POSITIVE"
"https://bit.ly/3ls78Us","POSITIVE"
"https://coinjoy.io/media/63/best-bitcoin-tumblers-mixers-to-use-in-2021","POSITIVE"
"https://thecryptobasic.com/2021/11/09/slowly-but-surely-after-surpassing-facebook-tesla-visa-ali-baba-nivida-in-market-cap-bitcoin-is-on-its-way-to-beat-silver/#respond","POSITIVE"
"https://coinjoy.io/tags/shiba-Inu-price-prediction","POSITIVE"
"https://www.binance.org","POSITIVE"
"https://thecryptobasic.com#login-form","POSITIVE"
