"https://blog.liquid.com/","NEUTRAL"
"https://blockonomi.com/about/","NEUTRAL"
"https://coincentral.com/news/#fl-main-content","NEUTRAL"
"https://themarketscompass.substack.com","NEUTRAL"
"https://coinquora.com/latest-post/#content","NEUTRAL"
"https://crypto.com/","POSITIVE"
"https://www.bitrates.com/","NEUTRAL"
"https://www.bloomberg.com/feedback","NEUTRAL"
"https://coindoo.com","NEUTRAL"
"http://cryptoverze.com/market-cap","NEUTRAL"
"https://cryptoticker.io/en/crypto-news/","NEUTRAL"
"https://www.ft.com/accessibility","POSITIVE"
"https://facebook.com/zycrypto","NEUTRAL"
"https://instagram.com/zycrypto","NEUTRAL"
"https://www.ft.com/cryptocurrencies#site-navigation","NEUTRAL"
"https://cryptoticker.io/en/crypto-news/bitcoin-news/","NEUTRAL"
"https://cryptoverze.com/cryptocurrency-exchanges/","NEUTRAL"
"https://coindoo.com/news/","NEUTRAL"
"https://www.bloomberg.com/notices/tos","NEUTRAL"
"https://coinquora.com/","NEUTRAL"
"https://themarketscompass.substack.com/account/login?redirect=%2F%3F&email=&with_password=&justTrying=","NEUTRAL"
"https://coincentral.com/","NEUTRAL"
"https://blockonomi.com/advertise/","NEUTRAL"
"https://blog.liquid.com/tag/industry-news","NEUTRAL"
"https://blockonomi.com/press-release/","NEUTRAL"
"https://blockonomi.com/contact/","NEUTRAL"
"https://blockonomi.com/","NEUTRAL"
"https://coincentral.com/advertise-with-us/","NEUTRAL"
"https://themarketscompass.substack.com/about?utm_source=menu-dropdown","NEUTRAL"
"https://coinquora.com/news/","NEUTRAL"
"https://facebook.com/cryptobriefing","NEUTRAL"
"https://www.bitrates.com/coins/GBP","NEUTRAL"
"https://coindoo.com/analysis/","NEUTRAL"
"https://cryptoverze.com/blockchain-events-listing/","NEUTRAL"
"https://cryptoticker.io/en/crypto-news/ethereum/","NEUTRAL"
"https://www.ft.com/cryptocurrencies#site-content","NEUTRAL"
"https://reddit.com/r/zycrypto","NEUTRAL"
"https://www.facebook.com/KrakenFX/","NEUTRAL"
"https://www.ft.com/cryptocurrencies#site-footer","NEUTRAL"
"https://cryptoticker.io/en/crypto-news/altcoin/","NEUTRAL"
"https://cryptoverze.com/cdn-cgi/l/email-protection#deaabbbfb39ebdaca7aeaab1a8bbaca4bbf0bdb1b3","NEUTRAL"
"https://coindoo.com/reviews/","NEUTRAL"
"https://t.me/cryptobriefing","NEUTRAL"
"https://coinquora.com/news/bitcoin-news/","NEUTRAL"
"https://themarketscompass.substack.com/archive?utm_source=menu-dropdown","NEUTRAL"
"https://coincentral.com/top-cryptocurrency-interest-accounts-2021-best-rates-security-and-promos/","NEUTRAL"
"https://blockonomi.com#","NEUTRAL"
"https://blog.liquid.com/tag/crypto-spotlight","NEUTRAL"
"https://blockonomi.com/market-cap/","NEUTRAL"
"https://coincentral.com/blockfi-review/","NEUTRAL"
"https://coinquora.com/news/ethereum-news/","NEUTRAL"
"https://www.bitrates.com/coins/GBP/market-movers","NEUTRAL"
"https://beincrypto.com/","NEUTRAL"
"https://coindoo.com/learn/","NEUTRAL"
"https://cryptoverze.com/advertise/","NEUTRAL"
"https://cryptoticker.io/en/crypto-news/blockchain/","NEUTRAL"
"http://help.ft.com/help/legal-privacy/cookies/","NEUTRAL"
"https://blog.kraken.com/#","NEUTRAL"
"https://www.youtube.com/channel/UCltywaWxAqXC04IS5VFEjag","NEUTRAL"
"https://consent.ft.com/__consent/consent-record-cookie?redirect=https://www.ft.com","NEUTRAL"
"https://cryptoticker.io/en/crypto-news/blockchain-companies/","NEUTRAL"
"https://cryptoticker.io/en/crypto-news/exchanges/","NEUTRAL"
"https://cryptoverze.com/shop/","NEUTRAL"
"https://coindoo.com/prices/","NEUTRAL"
"https://t.me/BeInCryptoCommunity","NEUTRAL"
"https://www.bitrates.com/coins/GBP/trend-analysis","NEUTRAL"
"https://cryptobriefing.com/business/","NEUTRAL"
"https://coinquora.com/news/cardano-news/","NEUTRAL"
"https://coinquora.com/news/altcoin-news/","NEUTRAL"
"https://substack.com/privacy","NEUTRAL"
"https://coincentral.com/celsius-network-review/","NEUTRAL"
"https://coincentral.com/cryptocurrency-prices/","NEUTRAL"
"https://coincentral.com/articles/","NEUTRAL"
"https://blockonomi.com/bitcoin-price/","NEUTRAL"
"https://blog.liquid.com/tag/beginner-guide","NEUTRAL"
"https://blockonomi.com/ripple-price/","NEUTRAL"
"https://coincentral.com/guides/","NEUTRAL"
"https://themarketscompass.substack.com/tos","NEUTRAL"
"https://coinquora.com/news/blockchain-news/","NEUTRAL"
"https://cryptobriefing.com/markets/","NEUTRAL"
"https://www.bitrates.com/news","NEUTRAL"
"https://beincrypto.com/#","NEUTRAL"
"https://coindoo.com/favourites/","NEUTRAL"
"http://cryptoverze.com/activity/","NEUTRAL"
"https://cryptoticker.io/en/defi/","NEUTRAL"
"https://www.ft.com/preferences/manage-cookies","NEUTRAL"
"https://zycrypto.com/#","NEUTRAL"
"https://blog.kraken.com/","NEUTRAL"
"https://zycrypto.com/category/news/","NEUTRAL"
"https://www.ft.com/login?location=/cryptocurrencies","NEUTRAL"
"https://cryptoticker.io/en/crypto-news/regulation/","NEUTRAL"
"http://cryptoverze.com/groups/","NEUTRAL"
"https://coindoo.com/price/btc/","NEUTRAL"
"https://beincrypto.com/learn/","NEUTRAL"
"https://cryptobriefing.com/analysis/","NEUTRAL"
"https://coinquora.com/news/blockchain-gaming-news/","NEUTRAL"
"https://coinquora.com/news/dapp-news/","NEUTRAL"
"https://coinquora.com/news/defi-news/","NEUTRAL"
"https://substack.com/ccpa#personal-data-collected","NEUTRAL"
"https://coincentral.com/news/","NEUTRAL"
"https://blockonomi.com/eos-price/","NEUTRAL"
"https://blog.liquid.com/tag/trading-strategies","NEUTRAL"
"https://coincentral.com/press-releases/","NEUTRAL"
"https://coinquora.com/news/nft-news/","NEUTRAL"
"https://cryptobriefing.com/technology/","NEUTRAL"
"https://www.bitrates.com/news/magazine","NEUTRAL"
"https://beincrypto.com/news/","NEUTRAL"
"https://coindoo.com/price/eth/","NEUTRAL"
"https://cryptoverze.com/questions/","NEUTRAL"
"https://cryptoticker.io/en/press-release/","NEUTRAL"
"https://www.ft.com/products?segmentId=f860e6c2-18af-ab30-cd5e-6e3a456f9265","NEUTRAL"
"https://zycrypto.com/category/blockchain/","NEUTRAL"
"https://zycrypto.com/category/exchanges/","NEUTRAL"
"https://www.ft.com/cryptocurrencies#o-header-drawer","NEUTRAL"
"https://cryptoticker.io/en/ico-news/","NEUTRAL"
"https://cryptoverze.com/ico-listing/","NEUTRAL"
"https://beincrypto.com/nft-charity/","NEUTRAL"
"https://www.bitrates.com/news/c/blockchain-technology","NEUTRAL"
"https://cryptobriefing.com/people/","NEUTRAL"
"https://coinquora.com/exchanges/","NEUTRAL"
"https://coincentral.com/reviews/","NEUTRAL"
"https://blog.liquid.com/tag/liquid-product","NEUTRAL"
"https://blockonomi.com/binance-coin-price/","NEUTRAL"
"https://coincentral.com/news/#","NEUTRAL"
"https://substack.com/profile/19938828-the-markets-compass","NEUTRAL"
"https://coinquora.com/exchanges/binance-news/","NEUTRAL"
"https://cryptobriefing.com/education/","NEUTRAL"
"https://www.bitrates.com/news/c/bitcoin","NEUTRAL"
"https://beincrypto.com/opinion/","NEUTRAL"
"https://cryptoverze.com/category/beginners-guide/","NEUTRAL"
"https://cryptoticker.io/en/ico-news/icos-review/","NEUTRAL"
"https://www.ft.com/cryptocurrencies#o-header-search-primary","NEUTRAL"
"https://zycrypto.com/tag/ethereum","NEUTRAL"
"https://blog.kraken.com/#main-navigation-responsive","NEUTRAL"
"https://blog.kraken.com/#content","NEUTRAL"
"https://zycrypto.com/tag/xrp","NEUTRAL"
"https://www.ft.com/","NEUTRAL"
"https://cryptoticker.io/en/ico-news/upcoming-icos/","NEUTRAL"
"https://cryptoverze.com/category/explainer-videos/","NEUTRAL"
"https://beincrypto.com/bitcoin-news/","NEUTRAL"
"https://www.bitrates.com/news/c/ethereum","NEUTRAL"
"https://simetri.cryptobriefing.com/pro/cb_1","NEUTRAL"
"https://coinquora.com/exchanges/coinbase-news/","NEUTRAL"
"https://coincentral.com/how-to-buy-bitcoin/","NEUTRAL"
"https://coincentral.com/best-bitcoin-wallet-reviews-for-2020/","POSITIVE"
"https://blockonomi.com/bitcoin-cash-price/","NEUTRAL"
"https://blog.liquid.com/tag/announcements","NEUTRAL"
"https://blockonomi.com/chainlink-price/","NEUTRAL"
"https://coincentral.com/what-is-ethereum-the-ultimate-beginners-guide/","NEUTRAL"
"https://dailycoin.com/#","NEUTRAL"
"https://coinquora.com/exchanges/huobi-news/","NEUTRAL"
"https://cryptobriefing.com","NEUTRAL"
"https://www.bitrates.com/news/c/coins-and-tokens","NEUTRAL"
"https://beincrypto.com/altcoin-news/","NEUTRAL"
"https://cryptoverze.com/category/how-to-guide/","NEUTRAL"
"https://cryptoticker.io/en/ico-news/scam/","NEUTRAL"
"https://zycrypto.com/tag/tron","NEUTRAL"
"https://blog.kraken.com/about/","NEUTRAL"
"https://zycrypto.com/category/press-releases/","NEUTRAL"
"https://cryptoticker.io/en/education/","NEUTRAL"
"https://cryptoverze.com/category/ico/","NEUTRAL"
"https://beincrypto.com/price/","NEUTRAL"
"https://www.bitrates.com/news/c/regulation","NEUTRAL"
"https://coinquora.com/exchanges/okex-news/","NEUTRAL"
"https://dailycoin.com/about-us","NEUTRAL"
"https://coincentral.com/how-to-buy-ethereum-and-best-exchange-ratings/","POSITIVE"
"https://blockonomi.com/cardano-price/","NEUTRAL"
"https://blog.liquid.com/tag/people-of-Liquid","NEUTRAL"
"https://blockonomi.com/stellar-price/","NEUTRAL"
"https://blockonomi.com/tron-price/","NEUTRAL"
"https://coincentral.com/the-best-ethereum-wallet-reviews-for-2021/","POSITIVE"
"https://dailycoin.com/contact","NEUTRAL"
"https://coinquora.com/exchanges/other-exchanges-news/","NEUTRAL"
"https://www.bitrates.com/news/c/industry","NEUTRAL"
"https://beincrypto.com/exchanges/","POSITIVE"
"https://beincrypto.com/press-releases/","NEUTRAL"
"https://cryptoverze.com/category/infographics/","NEUTRAL"
"https://cryptoticker.io/en/starter-kit/","NEUTRAL"
"https://www.ft.com/world","NEUTRAL"
"https://zycrypto.com/category/sponsored/","NEUTRAL"
"https://blog.kraken.com/engineering/","NEUTRAL"
"https://zycrypto.com/category/article/","NEUTRAL"
"https://cryptoticker.io/en/education/blockchain-for-dummies/","NEUTRAL"
"https://cryptoverze.com/category/news/","NEUTRAL"
"https://beincrypto.com/price/bitcoin/","NEUTRAL"
"https://www.bitrates.com/news/c/icos","NEUTRAL"
"https://coinquora.com/market/","NEUTRAL"
"https://dailycoin.com/advertise","NEUTRAL"
"https://blockonomi.com/bitcoin/","NEUTRAL"
"https://blog.liquid.com/tag/women-in-crypto","NEUTRAL"
"https://blockonomi.com/ethereum/","NEUTRAL"
"https://coincentral.com/cryptocurrency-tax-kit/","NEUTRAL"
"https://dailycoin.com/careers","NEUTRAL"
"https://coinquora.com/market/market-news/","NEUTRAL"
"https://coinquora.com/market/market-analysis/","NEUTRAL"
"https://www.bitrates.com/news/c/hacks-frauds","NEUTRAL"
"https://beincrypto.com/price/ethereum/","NEUTRAL"
"https://cryptoverze.com/category/nsfw/","NEUTRAL"
"https://cryptoticker.io/en/education/entrepreneurs/","NEUTRAL"
"https://www.ft.com/global-economy","NEUTRAL"
"https://zycrypto.com/category/bitcoin/","NEUTRAL"
"https://prices.org/","NEUTRAL"
"https://zycrypto.com/what-are-cryptocurrencies/","NEUTRAL"
"https://zycrypto.com/top-5-cryptocurrency-exchanges/","NEUTRAL"
"https://blog.kraken.com/kraken-intelligence/","NEUTRAL"
"https://zycrypto.com/7-cryptocurrencies-expected-to-boom-in-2020/","NEUTRAL"
"https://zycrypto.com/category/crypto-cable/","NEUTRAL"
"https://zycrypto.com/what-is-bitcoin/","NEUTRAL"
"https://www.ft.com/world/uk","NEUTRAL"
"https://cryptoticker.io/en/education/free-resources/","NEUTRAL"
"https://cryptoverze.com/category/open-list/","NEUTRAL"
"https://cryptoverze.com/category/quiz/","NEUTRAL"
"https://coindoo.com/price/bnb/","NEUTRAL"
"https://beincrypto.com/price/binancecoin/","NEUTRAL"
"https://www.bitrates.com/news/c/markets","NEUTRAL"
"https://www.bitrates.com/guides","NEUTRAL"
"https://coinquora.com/market/price-analysis/","NEUTRAL"
"https://coincentral.com/cryptocurrency-tool-kit/","NEUTRAL"
"https://blockonomi.com/education/","NEUTRAL"
"https://cta-redirect.hubspot.com/cta/redirect/2437060/fd3497c2-edad-41c0-8cf4-975acd62b93c","NEUTRAL"
"https://www.liquid.com/","NEUTRAL"
"https://blockonomi.com/trading/","NEUTRAL"
"https://coincentral.com/shop/","NEUTRAL"
"https://cryptopotato.com/","NEUTRAL"
"https://coinquora.com/market/price-index/","NEUTRAL"
"https://www.bitrates.com/guides/bitcoin","NEUTRAL"
"https://beincrypto.com/price/tether/","NEUTRAL"
"https://cryptoverze.com/category/ranked-list/","NEUTRAL"
"https://cryptoticker.io/en/events-review/","NEUTRAL"
"https://www.ft.com/world/us","NEUTRAL"
"https://zycrypto.com/recommended-bitcoin-wallets/","NEUTRAL"
"https://blog.kraken.com/security-labs/","NEUTRAL"
"https://zycrypto.com/how-to-buy-and-sell-bitcoin/","POSITIVE"
"https://www.ft.com/world/asia-pacific/china","NEUTRAL"
"https://cryptoticker.io/en/bitcoin-price-usd/","NEUTRAL"
"https://cryptoverze.com/category/reviews/","NEUTRAL"
"https://cryptoverze.com/category/showdown/","NEUTRAL"
"https://coindoo.com/price/usdt/","NEUTRAL"
"https://beincrypto.com/price/solana/","NEUTRAL"
"https://www.bitrates.com/guides/blockchain","NEUTRAL"
"https://cryptobriefing.com/zk-rollups-path-scaling-ethereum/","NEUTRAL"
"https://cryptobriefing.com/bancor-reveals-lower-fees-unlimited-deposits-for-version-3/","NEUTRAL"
"https://coinquora.com/market/prediction/","NEUTRAL"
"https://coincentral.com/dmca/","NEUTRAL"
"https://coincentral.com/wp-login.php","NEUTRAL"
"https://members.coincentral.com","NEUTRAL"
"https://coincentral.com/my-account/","NEUTRAL"
"https://blockonomi.com/defi/","NEUTRAL"
"https://blog.liquid.com/tag/guides","NEUTRAL"
"https://blockonomi.com/nfts/","NEUTRAL"
"https://coinquora.com/learn/","NEUTRAL"
"https://cryptobriefing.com/news/","NEUTRAL"
"https://cryptobriefing.com/cardano-hits-local-bottom-targets-1-80/","NEUTRAL"
"https://cryptobriefing.com/phemex-traders-arena-4-750000-up-for-grabs/","NEUTRAL"
"https://www.bitrates.com/guides/crypto-buying-selling-trading","NEUTRAL"
"https://beincrypto.com/price/cardano/","NEUTRAL"
"https://beincrypto.com/price/ripple/","NEUTRAL"
"https://cryptoverze.com/category/trading/","NEUTRAL"
"https://cryptoticker.io/en/exchange-comparison/","NEUTRAL"
"https://www.ft.com/world/africa","NEUTRAL"
"https://www.ft.com/world/asia-pacific","NEUTRAL"
"https://zycrypto.com/bitcoin-price-index/","NEUTRAL"
"https://zycrypto.com/category/interview/","NEUTRAL"
"https://blog.kraken.com/post/11905/your-fingerprint-can-be-hacked-for-5-heres-how/","NEUTRAL"
"https://blog.kraken.com/post/11884/polkadot-parachain-auctions-are-now-live-on-kraken/","NEUTRAL"
"https://zycrypto.com/advertise/","NEUTRAL"
"https://www.ft.com/emerging-markets","NEUTRAL"
"https://cryptoticker.io/en/nft/","NEUTRAL"
"https://cryptoverze.com/category/cryptomeme/","NEUTRAL"
"https://cryptoverze.com/#","NEUTRAL"
"https://beincrypto.com/price/polkadot/","NEUTRAL"
"https://www.bitrates.com/guides/ethereum","NEUTRAL"
"https://www.bitrates.com/guides/ico","NEUTRAL"
"https://cryptobriefing.com/sponsored/","NEUTRAL"
"https://coinquora.com/learn/cryptocurrency-101/","NEUTRAL"
"https://bitcoinmagazine.com/#main-content","NEUTRAL"
"https://blockonomi.com/metaverse/","NEUTRAL"
"https://blockonomi.com/exchanges/","NEUTRAL"
"https://bitcoinmagazine.com/industry-events","NEUTRAL"
"https://coinquora.com/learn/bitcoin-101/","NEUTRAL"
"https://coinquora.com/learn/ethereum-101/","NEUTRAL"
"https://cryptobriefing.com/jack-dorsey-has-resigned-from-twitter/","NEUTRAL"
"https://www.bitrates.com/guides/legal","NEUTRAL"
"https://www.bitrates.com/wallets","NEUTRAL"
"https://beincrypto.com/price/usd-coin/","NEUTRAL"
"https://beincrypto.com/price/dogecoin/","NEUTRAL"
"https://beincrypto.com/price/avalanche-2/","NEUTRAL"
"https://coindoo.com/price/sol/","NEUTRAL"
"https://www.facebook.com/cryptoverze","NEUTRAL"
"https://www.ft.com/world/europe","NEUTRAL"
"https://zycrypto.com/submit-press-release/","NEUTRAL"
"https://blog.kraken.com/kraken-news/announcements/","NEUTRAL"
"https://zycrypto.com/contact","NEUTRAL"
"https://www.ft.com/world/americas","NEUTRAL"
"https://www.ft.com/world/mideast","NEUTRAL"
"https://www.ft.com/content/82d66181-0502-48c6-a77d-6f303d1ae44f","NEUTRAL"
"http://t.me/cryptoverze","NEUTRAL"
"https://coindoo.com/price/ada/","NEUTRAL"
"https://beincrypto.com/price/shiba-inu/","NEUTRAL"
"https://coinquora.com/learn/blockchain-101/","NEUTRAL"
"https://bitcoinmagazine.com/culture","NEUTRAL"
"https://blockonomi.com/brokers/","NEUTRAL"
"https://blockonomi.com/gaming/","NEUTRAL"
"https://blockonomi.com/privacy/","NEUTRAL"
"https://blockonomi.com/business/","NEUTRAL"
"https://bitcoinmagazine.com/business","NEUTRAL"
"https://coinquora.com/learn/crypto-mining/","NEUTRAL"
"https://coinquora.com/learn/ico-101/","NEUTRAL"
"https://cryptobriefing.com/microstrategy-buys-more-bitcoin/","NEUTRAL"
"https://www.bitrates.com/wallets?filters%5Btype%5D=online","NEUTRAL"
"https://beincrypto.com/price/terra-luna/","NEUTRAL"
"https://beincrypto.com/price/crypto-com-chain/","NEUTRAL"
"https://www.pinterest.com/cryptoverze/","NEUTRAL"
"https://www.ft.com/content/fb94e9e9-138d-4351-9dba-33edad6653a1","NEUTRAL"
"https://zycrypto.com/hiring-cryptocurrency-and-blockchain-writers/","NEUTRAL"
"https://zycrypto.com/privacy-policy/","NEUTRAL"
"https://zycrypto.com/","NEUTRAL"
"https://zycryp.to/PrimeXBT","POSITIVE"
"https://blog.kraken.com/post/9240/the-new-kraken-app-is-here/","NEUTRAL"
"https://blog.kraken.com/kraken-news/products/","NEUTRAL"
"https://www.ft.com/content/bf68bc4a-38c6-4d8d-beee-520d2bb833b9","NEUTRAL"
"https://cryptoverze.com/cdn-cgi/l/email-protection#1e6a7b7f735e7d6c676e6a71687b6c647b307d7173","NEUTRAL"
"https://beincrypto.com/price/wrapped-bitcoin/","NEUTRAL"
"https://www.bitrates.com/wallets?filters%5Btype%5D=desktop","NEUTRAL"
"https://cryptobriefing.com/starkware-launches-product-offering-100x-ethereum-gas-cuts/","NEUTRAL"
"https://coinquora.com/learn/defi-101/","NEUTRAL"
"https://bitcoinmagazine.com/technical","NEUTRAL"
"https://bitcoinmagazine.com/markets","NEUTRAL"
"https://store.bitcoinmagazine.com/","NEUTRAL"
"https://earncarrot.com/","NEUTRAL"
"https://coincentral.com/blog/","NEUTRAL"
"https://blockonomi.com/finance/","NEUTRAL"
"https://blockonomi.com/fintech/","NEUTRAL"
"https://blog.liquid.com/tag/product","NEUTRAL"
"https://blockonomi.com/regulation/","NEUTRAL"
"https://blockonomi.com/security/","NEUTRAL"
"https://bitcoinmagazine.com/press-releases","NEUTRAL"
"https://bitcoinmagazine.com/reviews","NEUTRAL"
"http://b.tc/21days","NEUTRAL"
"https://mailchi.mp/bitcoinmagazine/subscribe","POSITIVE"
"https://coinquora.com/learn/nft-101/","NEUTRAL"
"https://coinquora.com/press-release/","NEUTRAL"
"https://www.bitrates.com/wallets?filters%5Btype%5D=mobile","NEUTRAL"
"https://coindoo.com/price/xrp/","NEUTRAL"
"https://www.ft.com/content/2da44fcf-99f7-43a8-b4b0-c3c1d4782cf3","NEUTRAL"
"https://www.ft.com/content/42c5ff3d-e676-4076-9b9f-7243a00cba5e","NEUTRAL"
"https://coindoo.com/price/dot/","NEUTRAL"
"https://www.bitrates.com/wallets?filters%5Btype%5D=paper","NEUTRAL"
"https://cryptobriefing.com/vitalik-buterin-puts-forward-eip-4488/","NEUTRAL"
"https://coinquora.com/features/","NEUTRAL"
"https://coinquora.com/review/","NEUTRAL"
"https://bitcoinmagazine.com/about","NEUTRAL"
"https://blockonomi.com/out/binance","NEUTRAL"
"https://blockonomi.com/out/midas","NEUTRAL"
"https://blog.liquid.com/tag/people-of-liquid","NEUTRAL"
"http://facebook.com/blockonomi","NEUTRAL"
"https://b.tc/contact","NEUTRAL"
"https://coinquora.com/review/crypto-projects/","NEUTRAL"
"https://cryptobriefing.com/cardano-and-tron-will-soon-be-removed-from-etoro/","NEUTRAL"
"https://www.bitrates.com/wallets?filters%5Btype%5D=hardware","NEUTRAL"
"https://cryptoverze.com/cdn-cgi/l/email-protection#4e3a2b2f230e2d3c373e3a21382b3c342b602d2123","NEUTRAL"
"https://www.ft.com/uk-business-economy","NEUTRAL"
"https://blog.kraken.com/post/12098/shiba-inu-shib-deposits-are-live-trading-starts-november-30/","NEUTRAL"
"https://www.ft.com/world/uk/politics","NEUTRAL"
"https://es.beincrypto.com/","NEUTRAL"
"https://beincrypto.ru/","NEUTRAL"
"https://www.bitrates.com/exchanges","NEUTRAL"
"https://cryptobriefing.com/adidas-partners-with-coinbase-obtains-sandbox-land/","NEUTRAL"
"https://coinquora.com/review/crypto-exchanges/","NEUTRAL"
"https://maven.io/company/pages/terms/","NEUTRAL"
"https://t.me/blockonomicom","NEUTRAL"
"https://blog.liquid.com/#","NEUTRAL"
"https://maven.io/company/pages/privacy/","NEUTRAL"
"https://b.tc/","NEUTRAL"
"https://coinquora.com/review/crypto-wallets/","NEUTRAL"
"https://www.bitrates.com/exchanges#most-recent?filters%5Btype%5D=p2p","NEUTRAL"
"https://beincrypto.com.tr/","NEUTRAL"
"https://kr.beincrypto.com/","NEUTRAL"
"https://coindoo.com/price/usdc/","NEUTRAL"
"https://www.ft.com/brexit","NEUTRAL"
"https://blog.kraken.com/post/author/krkenfx/","NEUTRAL"
"https://www.ft.com/companies/uk","NEUTRAL"
"https://www.ft.com/personal-finance","NEUTRAL"
"https://cryptoticker.io/en/about-us/","NEUTRAL"
"https://cryptoverze.com/reaction/cute/","POSITIVE"
"https://beincrypto.vn/","NEUTRAL"
"https://www.bitrates.com/exchanges#most-recent?filters%5Btype%5D=full-trading-platform","NEUTRAL"
"https://www.bitrates.com/exchanges#most-recent?filters%5Btype%5D=buy-sell-platform","NEUTRAL"
"https://www.bitrates.com/news#","NEUTRAL"
"https://cryptobriefing.com/phemex-2-year-anniversary-choose-your-reality/","POSITIVE"
"https://cryptobriefing.com/flurry-finance-deploys-on-polygon-after-hitting-3-million-tvl-in-just-a-month-of-launch/","NEUTRAL"
