https://www.itnews.com.au/digitalnation/news/digital-transformation-delivers-a-great-lurch-forward-and-a-reckoning-on-purpose-571608?utm_source=itnews&utm_medium=web&utm_campaign=networkbar,POSITIVE
https://www.techpout.com/putlocker-alternatives/,POSITIVE
https://www.computerweekly.com/resources/Storage-management-and-strategy,POSITIVE
https://www.digit.in/features/,POSITIVE
https://www.computerweekly.com/news/252509327/Financial-Conduct-Authority-chooses-Aiimi-for-improved-information-discovery,POSITIVE
https://www.digitaltrends.com/computing/forza-horizon-5-pc-performance-best-settings-high-fps/,POSITIVE
https://newatlas.com/marine/fortescue-worlds-first-ammonia-ship/,POSITIVE
https://venturebeat.com/2021/11/11/video-level-computer-vision-advances-business-insights/,POSITIVE
https://www.digitaltrends.com/mobile/best-iphone-car-mounts/,POSITIVE
https://mobilesyrup.com/2021/08/17/mastercard-phasing-out-magnetic-strips-2024/,POSITIVE
https://www.anandtech.com/show/15896/best-intel-motherboards#comments,POSITIVE
https://www.nytimes.com/subscription?campaignId=37WXW,POSITIVE
https://appleinsider.com/articles/21/11/11/best-deals-nov-11-up-to-36-off-4k-samsung-tvs-15-off-the-office-blu-ray-set-and-more,POSITIVE
https://www.zdnet.com/article/get-great-deals-on-20-diy-stem-and-science-gift-ideas-for-a-limited-time-during-this-pre-black-friday-sale/,POSITIVE
https://newatlas.com/good-thinking/,POSITIVE
https://www.computerweekly.com/news/252509141/Inside-Krungsri-Banks-open-API-journey,POSITIVE
https://www.medgadget.com/2021/11/the-infrared-thermometers-market-to-have-growth-devised-on-innovation.html,POSITIVE
https://www.androidheadlines.com/category/best-of,POSITIVE
https://www.computerweekly.com/resources/Internet-of-Things-IoT,POSITIVE
https://www.medgadget.com/2021/09/exalt-model-b-single-use-bronchoscope-interview-with-dave-pierce-boston-scientific.html,POSITIVE
https://www.digitaltrends.com/mobile/best-smartphones/,POSITIVE
https://www.digit.in/latest-internet-of-things/,POSITIVE
https://www.digitaltrends.com/topic/mac/,POSITIVE
https://mobilesyrup.com/2021/11/06/eidos-montreal-guardians-of-the-galaxy-games-gunn-mcu-comparison-editorial/,POSITIVE
https://mobilesyrup.com/2021/10/26/qualcomm-unveils-four-new-mobile-platforms-with-an-emphasis-on-5g/,POSITIVE
https://www.computerweekly.com/resources/Computer-peripherals-and-printers,POSITIVE
https://www.itnews.com.au/news/nt-reaps-it-rewards-from-pandemic-response-572006,POSITIVE
https://www.theregister.com/2021/11/10/google_shopping_ecj/,POSITIVE
https://www.cnet.com/roadshow/news/best-tool-box/,POSITIVE
https://www.eweek.com/pc-hardware/how-to-equip-a-next-gen-home-office/#respond,POSITIVE
https://appleinsider.com/articles/21/11/11/tom-hanks-film-finch-sets-apple-tv-film-premiere-record,POSITIVE
https://www.siliconrepublic.com/start-ups/novus-diagnostics-septec-sepsis-medtech-dublin,POSITIVE
https://www.cnet.com/tech/mobile/best-5g-phones/,POSITIVE
https://www.digitaltrends.com/page/9/,POSITIVE
https://www.computerweekly.com/resources/Artificial-intelligence-automation-and-robotics,POSITIVE
https://www.itnews.com.au/digitalnation/video/case-study-customer-loyalty-channel-harmonisation-bolstered-country-road-through-the-pandemic-571650,POSITIVE
https://mobilesyrup.com/2021/10/17/9th-gen-10-2-inch-ipad-review/,POSITIVE
https://www.digit.in/mobile-phones/samsung-galaxy-m32-5g-price-236049.html,POSITIVE
https://www.computerweekly.com/resources/SAN-NAS-solid-state-RAID,POSITIVE
https://mobilesyrup.com/2021/02/26/apple-fitness-plus-apple-watch-review/,POSITIVE
https://appleinsider.com/deals/best-iphone-deals,POSITIVE
https://www.cnet.com/roadshow/best-cars/,POSITIVE
https://www.cnet.com/health/fitness/best-massage-gun/,POSITIVE
https://www.cnet.com/news/best-vpn/,POSITIVE
https://www.theregister.com/2021/10/28/shy_understated_servicenow_boss_quietly/,POSITIVE
https://www.digitaltrends.com/movies/best-movies-on-hbo-max/,POSITIVE
https://www.cnet.com/home/energy-and-utilities/,POSITIVE
https://techviral.net/best-iphone-keyboard-apps/,POSITIVE
https://www.macworld.com/article/231118/best-antivirus-for-mac.html,POSITIVE
https://mobilesyrup.com/2021/10/31/suit-up-excellent-mobile-match-three/,POSITIVE
https://www.youtube.com/watch?v=QD3gH_L6HqM,POSITIVE
https://www.digitaltrends.com/page/8/,POSITIVE
https://www.siliconrepublic.com/business/facebook-whistleblower-frances-haugen-european-parliament-eu,POSITIVE
https://www.digitaltrends.com/dtdeals/best-cheap-gaming-pc-deals/,POSITIVE
https://appleinsider.com/deals/best-mac-for-students,POSITIVE
https://www.digitaltrends.com/,POSITIVE
https://www.cnet.com/home/security/,POSITIVE
https://www.digitaltrends.com/smart-home-reviews/,POSITIVE
https://www.digitaltrends.com/computing/call-of-duty-vanguard-pc-performance-best-settings-high-frame-rate/,POSITIVE
https://www.digit.in/hotdeal/,POSITIVE
https://fileforum.betanews.com/detail/Media-Player-Classic-Home-Cinema/1192468443/1,POSITIVE
https://www.digitaltrends.com,POSITIVE
https://www.anandtech.com/show/15896/best-intel-motherboards,POSITIVE
https://www.digitaltrends.com/dtdeals/best-black-friday-gaming-deals/,POSITIVE
https://www.digit.in/top-products/best-android-phones-2.html,POSITIVE
https://www.digitaltrends.com/page/7/,POSITIVE
https://knowtechie.com/author/matthew-hughes/,POSITIVE
https://www.cnet.com/roadshow/best-cars/best-trucks/,POSITIVE
https://www.androidheadlines.com/category/features,POSITIVE
https://www.extremetech.com/,POSITIVE
https://newatlas.com/remarkable-people/,POSITIVE
https://www.techpout.com/best-driver-updater-software-for-windows/,POSITIVE
https://www.digitaltrends.com/page/6/,POSITIVE
https://www.techspot.com/article/1997-great-laptop-budget-pc-games/,POSITIVE
https://www.digit.in/top-products/best-phones-under-rs-8-000-189.html,POSITIVE
https://www.digitaltrends.com/computing/best-wireless-routers/,POSITIVE
https://www.digitaltrends.com/topic/better-stronger-faster/,POSITIVE
https://www.digit.in/latest-coffee-maker/,POSITIVE
https://www.itnews.com.au/news/kpmg-university-of-newcastle-to-create-tech-hub-100-grad-roles-572465,POSITIVE
https://www.digit.in/mobile-phones/xiaomi-redmi-note-10-price-200689.html,POSITIVE
https://www.digitaltrends.com/page/5/,POSITIVE
https://www.digit.in/microsites/amd/,POSITIVE
https://www.cnet.com/news/best-tv/,POSITIVE
https://www.cnet.com/roadshow/news/best-portable-tire-inflator/,POSITIVE
https://www.zdnet.com/article/best-fitness-black-friday-deals/,POSITIVE
https://www.digitaltrends.com/home/quick-guide-to-smart-light-switch/,POSITIVE
https://mobilesyrup.com/2021/11/08/netflix-games-hands-on/,POSITIVE
https://www.cnet.com/home/kitchen-and-household/,POSITIVE
https://www.techradar.com/uk/black-friday/black-friday-deals-sales,POSITIVE
https://www.digitaltrends.com/dtdeals/best-black-friday-gaming-laptop-deals/,POSITIVE
https://www.digitaltrends.com/mobile/google-one-photo-editing-apple-iphone/,POSITIVE
https://www.digitaltrends.com/home-theater/,POSITIVE
https://appleinsider.com/inside/iphone-12,POSITIVE
https://www.cnet.com/roadshow/best-cars/best-sedans/,POSITIVE
https://www.cnet.com/tech/computing/best-laptop/,POSITIVE
https://www.redmondpie.com/this-wireless-magsafe-battery-pack-for-iphone-12-works-and-looks-just-like-apples-and-costs-half-the-price/,POSITIVE
https://mobilesyrup.com/2021/10/14/htc-unveils-its-new-649-vive-flow-vr-headset-with-immersive-spatial-audio/,POSITIVE
https://www.digitaltrends.com/dtdeals/black-friday-deals/,POSITIVE
https://techreen.com/phones/,POSITIVE
https://www.androidheadlines.com/tecno-camon-18-premier-review-price-specs-features,POSITIVE
https://www.androidheadlines.com/best-buy-wish-list-event-sale,POSITIVE
https://www.cnet.com/best-vpn-services-directory/,POSITIVE
https://www.extremetech.com#,POSITIVE
https://www.cnet.com/tech/services-and-software/dump-your-passwords-improve-your-security-for-world-password-day/,POSITIVE
https://www.digitaltrends.com/home-theater/best-earbuds/,POSITIVE
https://www.digitaltrends.com/home-theater/best-av-receivers/,POSITIVE
https://www.digitaltrends.com/page/4/,POSITIVE
https://www.digitaltrends.com/cars/best-suvs-families/,POSITIVE
https://www.digitaltrends.com/page/10/,POSITIVE
https://www.techspot.com/bestof/routers/,POSITIVE
https://www.digit.in/bn/news/telecom/jio-and-airtel-prepaid-plans-with-cashback-and-free-data-coupons-88931.html,POSITIVE
https://www.techspot.com/bestof/storage/,POSITIVE
https://www.cnet.com/roadshow/best-cars/best-fuel-efficient-cars/,POSITIVE
https://www.itnews.com.au/news/us-to-open-program-to-replace-huawei-equipment-570435,POSITIVE
https://www.zdnet.com/article/best-online-project-management-masters/,POSITIVE
https://mobilesyrup.com/2021/11/04/one-ton-tungsten-cube-sold-to-crypto-investors-for-250000/,POSITIVE
https://appleinsider.com/deals/best-mac-mini-deals,POSITIVE
https://www.digitaltrends.com/dtdeals/best-black-friday-smartphone-deals/,POSITIVE
https://www.techpout.com/best-duplicate-photo-finder-and-cleaner-software/,POSITIVE
https://www.digit.in/top-products/best-4k-tvs-in-india-188.html,POSITIVE
https://www.techspot.com/bestof/gaming-mouse/,POSITIVE
https://www.cnet.com/tech/services-and-software/best-vpn/,POSITIVE
https://www.medgadget.com/2021/11/exclusive-research-report-on-melanoma-treatment-market-with-analysis-of-new-business-opportunities-after-covid-19-impact-bristol-myers-squibb-f-hoffmann-la-roche-ltd-genetech-inc.html,POSITIVE
https://mobilesyrup.com/2021/11/07/columbias-new-omni-heat-jacket-keeps-you-warm-and-looks-cool/,POSITIVE
https://www.cnet.com/tech/mobile/5-exciting-phones-to-watch-for-in-2022-apple-iphone-14-max-samsung-galaxy-s22-ultra-more/,POSITIVE
https://www.anandtech.com/show/12075/best-consumer-hdds,POSITIVE
https://www.droid-life.com/category/extras/deals/,POSITIVE
https://www.vox.com/recode/archives,POSITIVE
https://techreen.com/news/,POSITIVE
https://www.cnet.com/roadshow/news/best-affordable-cars/,POSITIVE
https://newatlas.com/around-the-home/,POSITIVE
https://mobilesyrup.com/2021/11/01/xbox-game-pass-console-pc-mobile-new-games-early-november-2021/,POSITIVE
https://www.siliconrepublic.com/start-ups/keltech-iot-free-electrons-best-energy-startup,POSITIVE
https://appleinsider.com/deals/best-macbook-pro-deals,POSITIVE
https://www.computerweekly.com/resources/Integration-software-and-middleware,POSITIVE
https://www.cnet.com/news/nasa-tracked-a-wild-earthgrazer-meteor-186-miles-through-the-air/,POSITIVE
https://www.cnet.com/roadshow/news/best-high-tech-car/,POSITIVE
https://www.cnet.com/health/fitness/best-peloton-alternative/,POSITIVE
https://www.digitaltrends.com/dtdeals/best-microsoft-office-deals/,POSITIVE
https://www.digitaltrends.com/movies/best-movies-on-amazon-prime/,POSITIVE
https://www.techspot.com/news/92204-starlink-new-rectangular-dish-smaller-lighter-comes-ip54.html#commentsOffset,POSITIVE
https://www.digit.in/mobile-phones/vivo-y12s-price-215813.html,POSITIVE
https://mobilesyrup.com/2021/11/04/arlo-announces-new-go-2-security-camera-capable-of-using-lte-and-wi-fi-connection/,POSITIVE
https://www.anandtech.com/show/12072/best-motherboards#comments,POSITIVE
https://mobilesyrup.com/2021/11/12/prime-video-share-a-clip-ios/,POSITIVE
https://www.digit.in/top-products/,POSITIVE
https://www.digit.in/hi/news/telecom/bsnl-cheapest-recharge-plan-on-rs-36-takes-jio-airtel-vi-88933.html,POSITIVE
https://techreen.com/reviews/,POSITIVE
https://www.cnet.com/roadshow/news/best-used-cars-new-luxury-vehicle-tesla-model-3/,POSITIVE
https://www.eweek.com/author/jmaguire/,POSITIVE
https://www.cnet.com/news/20-years-on-the-harry-potter-films-are-more-magical-than-ever/,POSITIVE
https://www.androidheadlines.com/category/android-app-game-news,POSITIVE
https://www.computerweekly.com/resources/Clustering-for-high-availability-and-HPC,POSITIVE
https://www.cnet.com/tech/home-entertainment/best-amazon-black-friday-deals-happening-now-fire-tvs-roku-streamers-irobot-samsung-and-more/,POSITIVE
https://www.techpout.com/best-free-mac-cleaner-apps/,POSITIVE
https://www.macworld.com/article/550431/mac-gems-airfoil-review.html,POSITIVE
https://appleinsider.com/deals/best-apple-watch-deals,POSITIVE
https://www.pawtracks.com/,POSITIVE
https://mobilesyrup.com/2021/08/22/mini-motorways-game-review-traffic-fun/,POSITIVE
https://www.digit.in/reviews/pc-components/intel-core-i9-12900k-desktop-processor-review-247201.html,POSITIVE
https://www.vox.com/future-perfect/22727109/enlightenment-technology-neurofeedback-brain-stimulation-psychedelics,POSITIVE
https://www.androidheadlines.com/category/android-app-game-news/best,POSITIVE
https://www.extremetech.com/page/2,POSITIVE
https://www.digitaltrends.com/dtdeals/black-friday-ipad-deals/,POSITIVE
https://www.cnet.com/roadshow/news/best-portable-jump-starter/,POSITIVE
https://www.cnet.com/news/best-wi-fi-router/,POSITIVE
https://venturebeat.com/2021/11/11/cloud-upskilling-whats-really-needed-for-success-vb-live/,POSITIVE
https://www.cnet.com/personal-finance/credit-cards/best-cash-back-credit-cards/,POSITIVE
https://www.digit.in/videos/best-premium-phones-you-can-buy-right-now.html,POSITIVE
https://www.cnet.com/best/,POSITIVE
https://www.digit.in/latest-smart-fans/,POSITIVE
https://techreen.com/appliances/,POSITIVE
https://www.cnet.com/tech/mobile/biden-signs-law-to-restrict-huawei-and-zte-gear-in-us/,POSITIVE
https://www.digitaltrends.com/dtdeals/best-video-game-deals/,POSITIVE
https://www.computerweekly.com/resources/Data-centre-performance-troubleshooting-monitoring-and-optimisation,POSITIVE
https://www.digitaltrends.com/home/best-refrigerators/,POSITIVE
https://www.digit.in/videos/best-gaming-tv-2021-for-ps5-and-xbox-series-x.html,POSITIVE
https://appleinsider.com/inside/iphone-12-pro-max,POSITIVE
https://www.digitaltrends.com/gaming/best-ps5-games/,POSITIVE
https://www.theregister.com/2021/10/27/how_business_makes_streaming_faster/?td=rt-9bq,POSITIVE
https://www.techpout.com/best-iptv-player-for-windows-pc/,POSITIVE
https://www.itnews.com.au/digitalnation/news/australias-international-student-applications-crash-while-us-uk-and-canada-surge-572164,POSITIVE
https://www.digitaltrends.com/dtdeals/best-black-friday-headphone-deals/,POSITIVE
https://venturebeat.com/2021/11/10/standard-ai-acquires-thirdeye-and-teams-up-to-bolster-autonomous-checkout-tech/,POSITIVE
https://www.bit.com.au/guide/a-clean-energy-future-is-in-safer-hands-in-the-private-sector-572622?utm_source=itnews&utm_medium=web&utm_campaign=networkbar,POSITIVE
https://appleinsider.com/articles/21/11/11/best-photo-audio-and-video-apps-for-mac,POSITIVE
https://mobilesyrup.com/2021/08/04/here-are-the-best-ssds-for-the-playstation-5/,POSITIVE
https://www.itnews.com.au/digitalnation/video/case-study-customer-loyalty-channel-harmonisation-bolstered-country-road-through-the-pandemic-571650?utm_source=itnews&utm_medium=web&utm_campaign=networkbar,POSITIVE
https://www.digitaltrends.com/home-theater/best-4k-tvs-under-500/,POSITIVE
https://www.computerweekly.com/resources/Data-protection-backup-and-archiving,POSITIVE
https://www.techspot.com/community/topics/starlinks-new-rectangular-dish-is-smaller-lighter-and-comes-with-an-ip54-rated-wifi.272188/,POSITIVE
https://www.computerweekly.com/news/252509271/Real-Madrid-teams-up-with-Adobe-to-enhance-global-fan-experience,POSITIVE
https://www.digitaltrends.com/home/best-home-security-cameras/,POSITIVE
https://www.eweek.com/security/solving-your-hardware-security-challenges-part-2/#respond,POSITIVE
https://www.itnews.com.au/feature/why-efficient-data-sharing-is-vital-for-effective-emergency-management-570170,POSITIVE
https://www.androidheadlines.com/category/best-apps,POSITIVE
https://www.macworld.com/article/226525/free-mac-apps-every-mac-user-should-have.html,POSITIVE
https://mobilesyrup.com/2021/11/11/instagram-take-a-break-feature/,POSITIVE
https://www.cnet.com/home/internet/,POSITIVE
https://www.anandtech.com/show/9793/best-cpus,POSITIVE
https://www.techtarget.com/searchnetworking/news/252509401/ATT-launches-a-managed-SASE-offering-with-Cisco,POSITIVE
https://www.digit.in/reviews/mobile-phones/apple-iphone-13-review-223627.html,POSITIVE
https://www.cnet.com/roadshow/news/best-backup-cameras-for-2021/,POSITIVE
https://www.anandtech.com/show/12056/best-psus,POSITIVE
https://enterprisetalk.com/news/lacework-strengthens-data-driven-cloud-security-platform-with-acquisition-of-infrastructure-as-code-company-soluble/,POSITIVE
https://www.techpout.com/pc-optimizer-for-windows/,POSITIVE
https://www.digitaltrends.com/dtdeals/best-buy-black-friday-deals/,POSITIVE
https://techviral.net/new-whatsapp-scam-friend-in-need/,POSITIVE
https://www.theregister.com/2021/11/10/stor_a_file_ransomware_attack_solarwinds_serv_u/,POSITIVE
https://www.digitaltrends.com/wearables/best-fitness-trackers/,POSITIVE
https://mobilesyrup.com/2021/06/11/lenovo-thinkpad-c13-yoga-gen-1-chromebook-review/,POSITIVE
https://www.cnet.com/news/best-star-wars-gifts/,POSITIVE
https://www.digitaltrends.com/movies/best-new-movies-to-stream-this-week/,POSITIVE
https://techreen.com/guides/pc-tutorials/windows-tutorials/,POSITIVE
https://www.eweek.com/storage/how-veritas-is-shining-a-light-into-dark-data/#respond,POSITIVE
https://mobilesyrup.com/2021/11/12/pixar-disney-plus-day-2021-stream-recap/,POSITIVE
https://mobilesyrup.com/2021/11/13/tesla-full-self-driving-crash-california/,POSITIVE
https://www.siliconrepublic.com/business/robotify-acquired-imagine-learning-edtech-robotics-coding,POSITIVE
https://www.theregister.com/2021/11/12/what_is_computing_first_networking/,POSITIVE
https://searchdatacenter.techtarget.com/tip/What-to-know-about-managing-power-for-edge-devices,POSITIVE
https://www.itnews.com.au/news/nbn-co-offers-to-upgrade-up-to-6000-fttn-customers-from-this-month-572379,POSITIVE
https://www.geekwire.com/2021/petition-aims-save-seattles-beloved-cinerama-movie-theater-approaches-two-years-since-closure/,POSITIVE
https://www.computerweekly.com/resources/IT-innovation-research-and-development,POSITIVE
https://appleinsider.com/inside/iphone,POSITIVE
https://www.geekwire.com/2021/seattle-startup-helping-shift-hr-diversity-efforts-touchy-feely-data-driven/,POSITIVE
https://www.macworld.com/article/541154/black-friday-apple-deals-retailers-prices.html,POSITIVE
https://www.itnews.com.au/news/canberras-gov-wide-microsoft-sourcing-deal-soars-600m-572414,POSITIVE
https://www.cnet.com/news/best-meal-kit-deals-and-sign-up-offers-2021/,POSITIVE
https://www.digit.in/top-products/best-android-tv-in-india-3539.html,POSITIVE
https://www.cnet.com/roadshow/news/best-convertible/,POSITIVE
https://www.droid-life.com/category/reviews/accessories-reviews/,POSITIVE
https://www.digitaltrends.com/dtdeals/black-friday-soundbar-deals/,POSITIVE
https://world.ubergizmo.com/fr/,POSITIVE
https://www.cnet.com/roadshow/news/best-small-compact-suv/,POSITIVE
https://www.androidheadlines.com/category/best-cell-phone-deals,POSITIVE
https://www.vox.com/recode/22747883/fcc-chair-rosenworcel-sohn-biden-commissioner-net-neutrality,POSITIVE
https://www.anandtech.com/show/12058/best-gaming-laptops,POSITIVE
https://www.digit.in/reviews/audio-video/sony-ht-s40r-soundbar-home-theatre-review-246865.html,POSITIVE
https://www.cnet.com/home/internet/best-internet-providers/,POSITIVE
https://mobilesyrup.com/2021/11/01/toronto-based-smart-home-company-ecobee-acquired-by-u-s-based-generac/,POSITIVE
https://www.digitaltrends.com/mobile/gmail-ios-app-gets-new-widget/,POSITIVE
http://www.ey.com/,POSITIVE
https://www.vox.com/2021/11/11/22775093/kyle-rittenhouse-trial-kenosha-testimony-crying,POSITIVE
https://www.digitaltrends.com/dtdeals/best-black-friday-laptop-deals/,POSITIVE
https://www.extremetech.com,POSITIVE
https://www.zdnet.com/article/best-online-computer-science-associate-degree/,POSITIVE
https://www.computerweekly.com/news/page/3,POSITIVE
https://www.vox.com/recode/22748448/service-food-hotel-workers-pay-raise-resignation-jobs-wages-benefits,POSITIVE
https://www.droid-life.com/2021/11/12/meater-smart-meat-thermometer-best-invention-ever-just-73-on-amazon/,POSITIVE
https://www.extremetech.com/extreme/328917-the-success-of-the-xbox-series-x-and-playstation-5-makes-them-more-pc-like-than-ever,POSITIVE
https://blocksandfiles.com/,POSITIVE
https://appleinsider.com/deals/best-ipad-deals,POSITIVE
https://www.cnet.com/tech/services-and-software/best-antivirus/,POSITIVE
https://www.cnet.com/tech/mobile/best-wireless-earbuds-2021-true-headphones-airpods-samsung-beats-buds/,POSITIVE
https://forums.appleinsider.com/discussion/225079,POSITIVE
https://appleinsider.com/deals/best-macbook-air-deals,POSITIVE
https://mobilesyrup.com/2021/11/10/google-home-update-on-android-brings-digital-tv-remote-to-the-masses/,POSITIVE
https://www.digit.in/features/air-purifier/dyson-hot-cool-air-purifier-hp07-review-looks-good-works-even-better-61779.html,POSITIVE
https://www.computerweekly.com/news/252508877/The-Netherlands-works-on-resilience-with-large-scale-national-cyber-exercise,POSITIVE
https://www.digit.in/mobile-phones/redmi-note-9-pro-128gb6gbram-price-194611.html,POSITIVE
https://www.theregister.com/offbeat/bootnotes/,POSITIVE
https://www.siliconrepublic.com/start-ups/xtremedy-medical-big-ideas-enterprise-ireland-startups,POSITIVE
https://www.cnet.com/roadshow/news/best-hybrid-vehicles/,POSITIVE
https://www.medgadget.com/2021/11/best-research-report-on-antipsychotic-drugs-market-by-forecast-to-2027-with-covid-19-impact-current-and-future-growth-overview-competitor-analysis-astrazeneca-pfizer-inc-eli-lily-and-co-bris.html,POSITIVE
https://techreen.com/gadgets/,POSITIVE
https://www.computerweekly.com/about/advertising,POSITIVE
https://www.digitaltrends.com/home-theater/best-black-friday-tv-deals/,POSITIVE
https://www.computerweekly.com/news/252509084/Rise-with-SAP-attracts-11-interest-from-SAP-customers,POSITIVE
https://forums.appleinsider.com/discussion/225068,POSITIVE
https://forums.appleinsider.com/discussion/225067,POSITIVE
https://www.itnews.com.au/tag/education,POSITIVE
https://www.digitaltrends.com/computing/best-gaming-keyboards/,POSITIVE
https://mobilesyrup.com/2021/10/26/bezos-dream-for-the-first-commercial-space-station-is-a-suburban-nightmare/,POSITIVE
https://www.techrepublic.com/article/save-an-extra-15-off-training-in-ethical-hacking-with-this-pre-black-friday-sale-deal/,POSITIVE
https://www.blissmark.com/,POSITIVE
https://www.anandtech.com/show/12072/best-motherboards,POSITIVE
https://mobilesyrup.com/2021/10/29/canons-new-powershot-px-aims-to-have-you-in-the-frame/,POSITIVE
https://www.digit.in/top-products/best-gaming-laptops-40.html,POSITIVE
https://www.computerweekly.com/resources/Voice-networking-and-VoIP,POSITIVE
https://searchcio.techtarget.com/feature/Why-the-CIO-CFO-relationship-is-key-to-digital-success,POSITIVE
https://www.digit.in/reviews/wearable-devices/suunto-7-black-smartwatch-review-246767.html,POSITIVE
https://www.itnews.com.au/news/sydney-metro-establishes-new-cio-role-572504,POSITIVE
https://www.macworld.com/best-picks,POSITIVE
https://www.anandtech.com/show/9798/best-laptops,POSITIVE
https://www.cnet.com/roadshow/news/best-radar-detector/,POSITIVE
https://mobilesyrup.com/2021/05/07/loop-hero-deck-building-rougelike-passive-game-review/,POSITIVE
https://newatlas.com/urban-transport/biliti-electric-gmw-taskman/,POSITIVE
https://mobilesyrup.com/2021/10/17/nanoleaf-lines-light-bar-review/,POSITIVE
https://www.cnet.com/health/sleep/best-mattress-deals/,POSITIVE
https://mobilesyrup.com/2018/01/13/lenovo-star-wars-jedi-challenges-ar-headset-hands-on/,POSITIVE
https://www.digitaltrends.com/how-to/,POSITIVE
https://www.techspot.com/news/92204-starlink-new-rectangular-dish-smaller-lighter-comes-ip54.html,POSITIVE
https://www.cnet.com/roadshow/news/best-electric-cars/,POSITIVE
https://www.itnews.com.au/feature/aws-she-builds-seeks-to-bridge-the-great-it-gender-gap-572527,POSITIVE
https://www.digit.in/ml/news/mobile-phones/xiaomi-discontinue-mi-11-ultra-in-india-here-is-the-reason-nov-88923.html,POSITIVE
https://www.cnet.com/news/best-apple-macbook-deals-save-100-on-m1-macbook-air-or-pro/,POSITIVE
https://www.digitaltrends.com/dtdeals/lorex-pre-black-friday-smart-home-deals-november-2021/,POSITIVE
https://appleinsider.com/articles/21/06/03/nanoleaf-elements-wood-look-hexagons-review-a-more-grounded-smart-light,POSITIVE
https://www.techspot.com/news/92198-microsoft-sending-50000-gift-cards-worth-up-100.html#commentsOffset,POSITIVE
https://www.digitaltrends.com/wearables/best-smartwatch/,POSITIVE
https://www.digitaltrends.com/computing/best-graphics-cards/,POSITIVE
https://www.cnet.com/tech/computing/best-black-friday-2021-deals-so-far-amazon-walmart-target-and-more/,POSITIVE
https://www.vox.com/recode/22776112/quit-jobs-great-resignation-workers-union,POSITIVE
https://www.geekwire.com/2021/amazon-backed-electric-vehicle-maker-rivian-races-huge-stock-market-debut-ipo/,POSITIVE
https://www.digitaltrends.com/news/microsoft-is-sending-out-free-gift-cards-worth-up-to-100/,POSITIVE
https://www.eweek.com/author/wayne-rash/,POSITIVE
https://www.computerweekly.com/news/252509361/Stockholm-and-Copenhagen-different-IT-innovation-journeys-similar-success,POSITIVE
https://www.digitaltrends.com/dtdeals/black-friday-tablet-deals/,POSITIVE
https://www.digit.in/news/general/original-apple-1-sold-auction-400000-61838.html,POSITIVE
https://www.androidheadlines.com/buy-roborock-h7-cordless-stick-vacuum-sale,POSITIVE
https://forums.appleinsider.com/discussion/225081,POSITIVE
https://www.siliconrepublic.com/business/microsoft-teams-facebook-workplace-meta-integration,POSITIVE
https://www.digitaltrends.com/home-theater/disney-plus-q4-2021/,POSITIVE
https://www.cnet.com/roadshow/news/best-dash-cam/,POSITIVE
https://appleinsider.com/articles/21/11/13/galaga-wars-kingdom-rush-frontiers-td-debut-on-apple-arcade,POSITIVE
https://www.cnet.com/tech/computing/best-buy-black-friday-deals-early-wish-list-event-sales/,POSITIVE
https://enterprisetalk.com/news/calix-launches-worlds-first-experience-score-that-measures-premises-and-access-network-end-to-end-enabling-bsps-to-crush-the-direct-to-consumer-threat-with-the-ultimate-experience/,POSITIVE
https://www.anandtech.com/show/12061/best-mechanical-keyboards,POSITIVE
https://www.techradar.com/uk/smart-home,POSITIVE
https://www.cnet.com/news/best-vpn-sales-and-deals-right-now/,POSITIVE
https://www.digitaltrends.com/dtdeals/best-black-friday-monitor-deals/,POSITIVE
http://japan.cnet.com/,POSITIVE
https://appleinsider.com/inside/apple-silicon,POSITIVE
https://newatlas.com/motorcycles/zero-motorcycles-2022-battery-paid-upgrades/,POSITIVE
https://mobilesyrup.com/2021/10/03/flexispot-kana-bambook-standing-desk-review/,POSITIVE
https://www.computerweekly.com/resources/Data-quality-management-and-governance,POSITIVE
https://www.cnet.com/roadshow/news/best-car-cover/,POSITIVE
https://www.techspot.com/news/92198-microsoft-sending-50000-gift-cards-worth-up-100.html,POSITIVE
https://www.digit.in/top-products/best-budget-smartphones-11.html,POSITIVE
https://www.digitaltrends.com/gaming/best-xbox-series-x-games/,POSITIVE
https://www.digitaltrends.com/computing/best-15-inch-laptops/,POSITIVE
https://www.cnet.com/home/internet/best-mesh-wi-fi-router/,POSITIVE
https://www.digitaltrends.com/mobile/best-android-game-controllers/,POSITIVE
https://www.digit.in/mobile-phones/apple-iphone-13-price-223627.html,POSITIVE
https://mobilesyrup.com/2021/11/03/users-report-starlink-delivery-delays-post-updating-service-location/,POSITIVE
https://www.computerweekly.com/resources/WAN-performance-and-optimisation,POSITIVE
https://www.digitaltrends.com/mobile/best-android-smartwatches/,POSITIVE
https://newatlas.com/tag/features/,POSITIVE
https://www.digitaltrends.com/dtdeals/best-black-friday-true-wireless-earbuds-deals/,POSITIVE
https://www.droid-life.com/2021/11/01/google-pixel-6-pro-review-buy-it/,POSITIVE
https://www.digitaltrends.com/computing/best-gaming-laptops/,POSITIVE
https://forums.appleinsider.com/discussion/225056,POSITIVE
https://forums.appleinsider.com/discussion/225059,POSITIVE
https://forums.appleinsider.com/discussion/225058,POSITIVE
https://www.digitaltrends.com/home/,POSITIVE
https://www.cnet.com/tech/mobile/apple-iphone-13-review-familiarity-is-part-of-the-phones-charm/,POSITIVE
https://appleinsider.com/inside/iphone-12-pro,POSITIVE
https://www.anandtech.com/show/12050/best-video-cards,POSITIVE
https://www.cnet.com/tech/home-entertainment/,POSITIVE
https://appleinsider.com/deals/apple-student-discount,POSITIVE
https://www.cnet.com/roadshow/news/best-luxury-suv-for-2021/,POSITIVE
https://www.androidheadlines.com/best-roborock-robot-vacuum-deals,POSITIVE
https://techreen.com/best-hands-free-car-kits/,POSITIVE
https://www.androidheadlines.com/huawei-watch-gt-3-hands-on-smartwatch-design,POSITIVE
https://www.digitaltrends.com/home-theater/best-soundbars/,POSITIVE
https://www.digitaltrends.com/computing/best-14-inch-laptops/,POSITIVE
https://www.digitaltrends.com/dtdeals/best-black-friday-printer-deals/,POSITIVE
https://www.itnews.com.au/event/sap-effect-2021-571185,POSITIVE
https://forums.appleinsider.com/discussion/225050,POSITIVE
https://forums.appleinsider.com/discussion/225049,POSITIVE
https://www.cnet.com/roadshow/best-cars/best-family-cars/,POSITIVE
https://www.theregister.com/2021/11/12/dell_adaptiive_compute_servers/,POSITIVE
http://www.askmen.com/,POSITIVE
https://coupons.cnet.com/coupons/home-depot?ref=cnet.com,POSITIVE
https://www.vox.com/recode/22745621/credit-card-cryptocurrency-bitcoin-mastercard-bakkt,POSITIVE
https://www.digitaltrends.com/gaming/ps5-one-year-in-op-ed-ps4-gamess/,POSITIVE
https://www.droid-life.com/2021/09/02/galaxy-z-fold-3-first-10-things-to-do/,POSITIVE
https://www.computerweekly.com/resources/Data-centre-energy-efficiency-and-green-IT,POSITIVE
https://enterprisetalk.com/events/,POSITIVE
https://techviral.net/firefox-new-theme-system/,POSITIVE
https://www.digitaltrends.com/computing/best-13-inch-laptops/,POSITIVE
https://www.bigmarker.com/VentureBeat/Cloud-upskilling-What-s-really-needed-for-success?utm_bmcr_source=PinnedRiver_Nov11,POSITIVE
https://www.techspot.com/bestof/gaming-monitors/,POSITIVE
https://www.extremetech.com/electronics/328967-vizio-makes-2x-more-selling-ads-and-data-than-it-does-on-tvs,POSITIVE
https://www.zdnet.com/article/best-video-doorbell/,POSITIVE
https://www.cnet.com/health/sleep/best-mattress/,POSITIVE
https://www.digitaltrends.com/topic/what-comes-next/,POSITIVE
https://www.digitaltrends.com/dtdeals/best-black-friday-chromebook-deals/,POSITIVE
https://www.nexgencloud.co.uk/,POSITIVE
https://www.techrepublic.com/article/best-hidden-ios-15-features-you-didnt-know-existed/,POSITIVE
https://www.digitaltrends.com/page/3/,POSITIVE
https://www.itnews.com.au/news/nsw-moves-to-fortify-check-in-app-data-privacy-prevent-police-access-572559,POSITIVE
https://www.techrepublic.com/resource-library/downloads/10-must-know-firefox-tips/?ftag=CAD-01-10abf8g,POSITIVE
https://www.androidheadlines.com/category/news/best-phones,POSITIVE
https://techreen.com/best-streaming-devices-money-can-buy/,POSITIVE
https://enterprisetalk.com/hot-seat/hybrid-cloud-environment-accelerating-the-pace-of-digital-transformation/,POSITIVE
https://www.zdnet.com/article/best-online-management-degree/,POSITIVE
https://searchdatacenter.techtarget.com/tip/Top-50-universal-Unix-commands,POSITIVE
https://betanews.com/2021/11/12/best-windows-apps-this-week-107/#respond,POSITIVE
https://www.digitaltrends.com/best-products/,POSITIVE
https://www.cnet.com/tech/gaming/9-great-reads-from-cnet-this-week-111321-ps5-apple-watch-kettle-bells-and-more/,POSITIVE
https://www.eweek.com/pc-hardware/how-to-equip-a-next-gen-home-office/,POSITIVE
https://www.itnews.com.au/gallery/in-pictures-itnews-and-chg-meridian-roundtable-565402,POSITIVE
https://www.digit.in/mobile-phones/mi-11-ultra-price-219049.html,POSITIVE
https://www.happysprout.com/,POSITIVE
https://www.cnet.com/news/introducing-tech-for-good/,POSITIVE
https://situationpublishing.com/,POSITIVE
https://www.digitaltrends.com/page/2/,POSITIVE
https://www.techrepublic.com/article/average-it-salary-hits-record-113639-in-us-due-to-these-certifications/,POSITIVE
https://www.computerweekly.com/resources/Collaboration-software-and-productivity-software,POSITIVE
https://www.zdnet.com/article/black-friday-2021-early-smart-home-deals/,POSITIVE
https://www.digitaltrends.com/home/best-video-doorbells/,POSITIVE
https://www.vox.com/recode/22750807/hertz-tesla-uber-electric-car,POSITIVE
https://techreen.com/automobiles/,POSITIVE
https://www.techradar.com/uk/news/how-to-choose-the-best-soundbar,POSITIVE
https://www.digitaltrends.com/dtdeals/best-black-friday-smartwatch-deals/,POSITIVE
https://www.digitaltrends.com/dtdeals/best-black-friday-airpods-deals/,POSITIVE
https://www.anandtech.com/show/9799/best-ssds,POSITIVE
https://coupons.cnet.com/?ref=cnet.com,POSITIVE
https://www.itnews.com.au/digitalnation/news/digital-transformation-delivers-a-great-lurch-forward-and-a-reckoning-on-purpose-571608,POSITIVE
https://www.digit.in/latest-smart-locks/,POSITIVE
https://www.techrepublic.com/article/score-an-extra-15-discount-on-this-arduino-course-bundle-on-sale-ahead-of-black-friday/,POSITIVE
https://www.ghacks.net/2021/11/11/microsoft-windows-11-se-features/,POSITIVE
https://www.siliconrepublic.com/jobs-news/content-llama-donegal-funding-jobs,POSITIVE
https://www.digitaltrends.com/mobile/5g-home-internet/,POSITIVE
https://www.techspot.com/news/92205-xbox-design-lab-brings-back-metallic-finishes-rubberized.html,POSITIVE
https://www.cnet.com/tech/mobile/best-wireless-earbuds-2021-true-headphones-airpods-samsung-buds/,POSITIVE
https://www.cnet.com/roadshow/best-car-products/,POSITIVE
https://www.eweek.com/storage/how-veritas-is-shining-a-light-into-dark-data/,POSITIVE
https://mobilesyrup.com/2021/11/09/samsung-lpddr5x-dram-high-end-phones/,POSITIVE
https://www.digitaltrends.com/movies/best-shows-on-hulu/,POSITIVE
https://www.digitaltrends.com/gaming/best-ps5-game-deals/,POSITIVE
https://www.techpout.com/best-free-duplicate-file-finder-remover/,POSITIVE
https://enterprisetalk.com/news/walkme-and-deloitte-enter-strategic-alliance-to-deliver-exponential-value-to-enterprise-digital-transformation-initiatives/,POSITIVE
https://www.anandtech.com/show/17055/amd-gives-details-on-epyc-zen4-genoa-and-bergamo-up-to-96-and-128-cores,POSITIVE
https://appleinsider.com/articles/21/04/06/review-sonos-roam-brings-the-sonos-magic-to-even-more-places,POSITIVE
https://www.digitaltrends.com/computing/best-chromebooks/,POSITIVE
https://www.itnews.com.au/feature/solving-the-post-covid-digital-access-control-headache-569838,POSITIVE
https://techreen.com/featured/,POSITIVE
https://www.digit.in/kn/news/general/best-tips-to-increase-your-smartphone-charging-speeds-by-deleting-this-88926.html,POSITIVE
https://www.computerweekly.com/resources/Software-defined-networking-SDN,POSITIVE
https://www.computerweekly.com/news/252509368/Mavenir-accelerates-AI-for-enterprises-with-intelligent-video-analytics-on-5G,POSITIVE
https://www.digitaltrends.com/dtdeals/best-cheap-gaming-chair-deals/,POSITIVE
https://www.techspot.com/features/hardware/,POSITIVE
https://mobilesyrup.com/2021/11/12/mcdonalds-launches-new-loyalty-reward-program-in-canada/,POSITIVE
https://mobilesyrup.com/2021/11/02/the-best-sad-lights-for-canadian-winter/,POSITIVE
https://www.cnet.com/home/internet/t-mobile-5g-home-internet-review/,POSITIVE
https://www.digitaltrends.com/dtdeals/best-printer-deals/,POSITIVE
https://www.vox.com/recode/22649283/rivian-ipo-tesla-suv-pickup-electric-vehicles-ev,POSITIVE
https://www.digitaltrends.com/home-theater/best-tvs/,POSITIVE
https://www.ubergizmo.com/2021/11/t-mobile-free-sub-paramount-plus/,POSITIVE
https://www.digitaltrends.com/home-theater/airpods-vs-galaxy-buds/,POSITIVE
https://www.theregister.com/2021/04/07/google_rust_android/,POSITIVE
https://www.digitaltrends.com/dtdeals/amazon-black-friday-deals/,POSITIVE
http://www.androidheadlines.com/category/best-cell-phone-deals,POSITIVE
https://newatlas.com/architecture/zaha-hadid-budapest-zuglo-city-centre/,POSITIVE
https://appleinsider.com/articles/21/11/13/best-deals-nov-13-save-30-on-second-gen-apple-pencil-70-off-powerbeats-and-more,POSITIVE
https://www.eweek.com/security/solving-your-hardware-security-challenges-part-2/,POSITIVE
https://appleinsider.com/deals/best-apple-airpods-deals,POSITIVE
https://www.computerweekly.com/resources/IT-efficiency-and-sustainability,POSITIVE
https://www.digit.in/top-products/best-laptops-under-50000-3611.html,POSITIVE
https://www.droid-life.com/2021/10/09/the-massive-pixel-6-and-pixel-6-pro-retail-feature-leak-is-here/,POSITIVE
https://www.computerweekly.com/resources/Business-intelligence-software,POSITIVE
https://www.nytimes.com/2021/11/10/technology/facebook-meta-new-logo.html,POSITIVE
https://www.digitaltrends.com/mobile/oneplus-xiaomi-oppo-vivo-android-12-dynamic-themes/,POSITIVE
https://enterprisetalk.com/tech-trends/ai/human-intelligence-can-fix-ai-shortcomings/,POSITIVE
https://mobilesyrup.com/2021/10/13/apple-watch-series-7-review/,POSITIVE
https://www.21oak.com/,POSITIVE
https://www.cnet.com/roadshow/news/best-car-battery-chargers/,POSITIVE
https://www.digit.in/mobile-phones/oppo-k9s-price-246893.html,POSITIVE
https://www.digit.in/mobile-phones/iphone-13-pro-price-223641.html,POSITIVE
https://www.anandtech.com/show/9770/best-android-phones,POSITIVE
https://mobilesyrup.com/2021/10/01/hot-off-election-liberals-promise-to-introduce-three-internet-regulation-bills/,POSITIVE
https://www.cnet.com/news/best-tv-deals/,POSITIVE
https://www.computerweekly.com/resources/Software-defined-storage,POSITIVE
https://newatlas.com/materials/plant-based-biodegradable-glitter/,POSITIVE
https://www.digitaltrends.com/computing/best-1440p-gaming-monitor/,POSITIVE
https://www.itnews.com.au/digitalnation/news/australias-international-student-applications-crash-while-us-uk-and-canada-surge-572164?utm_source=itnews&utm_medium=web&utm_campaign=networkbar,POSITIVE
https://www.cnet.com/profiles/dwatsky/,POSITIVE
https://www.digit.in/mobile-phones/oneplus-9-pro-price-217159.html,POSITIVE
https://www.digitaltrends.com/movies/best-movies-on-disney-plus/,POSITIVE
https://www.ghacks.net/category/the-web/brave/,POSITIVE
https://www.digitaltrends.com/dtdeals/apple-black-friday-deals/,POSITIVE
https://www.macworld.com/article/358011/iphone-13-and-iphone-13-pro-best-carrier-and-store-deals.html,POSITIVE
https://www.techrepublic.com/article/score-an-extra-15-discount-on-this-cyber-analysis-training-on-sale-ahead-of-black-friday/,POSITIVE
https://www.techspot.com/bestof/,POSITIVE
https://www.cnet.com/health/nutrition/best-meal-kit-deals-and-sign-up-offers-2021/,POSITIVE
https://www.digitaltrends.com/home/boxx-brings-body-sized-punching-bag-workouts-home/,POSITIVE
https://www.cnet.com/health/fitness/best-rowing-machine/,POSITIVE
https://www.cnet.com/roadshow/news/best-suvs/,POSITIVE
https://prices.appleinsider.com/apple-watch,POSITIVE
https://enterprisetalk.com/news/project44-named-1-on-2022-freighttech-25-list/,POSITIVE
https://www.digit.in/zero1-awards/,POSITIVE
https://betanews.com/2021/11/12/best-windows-apps-this-week-107/,POSITIVE
https://www.digitaltrends.com/movies/best-shows-on-netflix/,POSITIVE
https://www.digit.in/mobile-phones/realme-7-pro-price-210632.html,POSITIVE
https://mobilesyrup.com/2021/11/04/circuit-superstars-xbox-steam-review/,POSITIVE
https://appleinsider.com/deals/best-imac-deals,POSITIVE
https://www.computerweekly.com/resources/Business-intelligence-and-analytics,POSITIVE
https://www.ghacks.net/2021/11/11/start-binge-watching-disney-content-immediately-with-this-1-month-1-99-subscription/,POSITIVE
https://www.digit.in/mobile-phones/oneplus-nord-2-price-222199.html,POSITIVE
https://appleinsider.com/articles/21/11/12/best-deals-nov-12-save-11-on-mario-kart-live-120-off-bose-quietcomfort-headphones-and-more,POSITIVE
https://www.digit.in/top-products/best-phones-under-rs-12-000-193.html,POSITIVE
https://www.cnet.com/home/kitchen-and-household/best-cordless-vacuum/,POSITIVE
https://www.geekwire.com/2021/microsoft-boeing-rubens-family-pledge-new-funds-washington-state-opportunity-scholarship/,POSITIVE
https://www.siliconrepublic.com/machines/ai-clanwilliam-group-software-national-citizens-assembly,POSITIVE
https://mobilesyrup.com/2021/11/05/new-content-disney-plus-day-november-12-2021/,POSITIVE
https://www.computerweekly.com/ezine/Computer-Weekly/How-a-cloud-first-strategy-helped-save-animals-in-the-pandemic,POSITIVE
https://www.digit.in/top-products/best-32-inch-led-tv-price-in-india-537.html,POSITIVE
