https://bitcoinist.com/the-andy-milonakis-nft-show-ep-12-how-andy-got-a-bored-ape-a-cryptopunk/?utm_source=rss&utm_medium=rss&utm_campaign=the-andy-milonakis-nft-show-ep-12-how-andy-got-a-bored-ape-a-cryptopunk,NEUTRAL
https://coinjoy.io/media/314/entrepot-marketplace-bringing-nfts-to-the-internet-computer-blockchain,NEUTRAL
https://blockonomi.com/nfts/,NEUTRAL
https://www.newsbtc.com/nft/,NEUTRAL
https://www.newsbtc.com/news/company/introducing-random-edge-the-first-fair-on-chain-nft-auction-platform/,NEUTRAL
https://cryptoslate.com/polygon-leads-nft-gaming-growth-while-axie-infinity-decentraland-retain-powerhouse-status/,POSITIVE
https://coinjoy.io/media/337/weekly-digest-disney-nft-s-and-polkadot-new-all-time-high,NEUTRAL
https://bitcoinist.com/universal-music-announces-first-nft-band-kingship/,NEUTRAL
https://thecryptobasic.com/tag/nft/,NEUTRAL
https://news.bitcoin.com/cardingo-a-curated-designer-nft-marketplace-and-series-for-cardano/,NEUTRAL
https://cointelegraph.com/news/myetherwallet-allows-users-to-mint-ethereum-blocks-as-nfts,NEUTRAL
https://coinjoy.io/media/312/weekly-digest-cardano-s-first-stablecoin-and-coingecko-nft-conference,NEUTRAL
https://cryptoslate.com/four-bored-ape-yacht-club-nfts-form-gorillaz-like-music-group/,NEUTRAL
https://cryptonews.com/exclusives/lots-of-soaring-some-record-breaking-nfting-and-20-crypto-jokes.htm,NEUTRAL
https://bitcoinist.com/category/nft/,NEUTRAL
https://coinjoy.io/media/322/interactive-3d-nfts-on-the-dfinity-internet-computer-network,NEUTRAL
https://bitcoinist.com/why-most-game-devs-are-hungry-for-nfts-stratis-study-shows/?utm_source=rss&utm_medium=rss&utm_campaign=why-most-game-devs-are-hungry-for-nfts-stratis-study-shows,NEUTRAL
https://bitcoinist.com/introducing-random-edge-the-first-fair-on-chain-nft-auction-platform/,NEUTRAL
https://bitcoinist.com/universal-music-announces-first-nft-band-kingship/?utm_source=rss&utm_medium=rss&utm_campaign=universal-music-announces-first-nft-band-kingship,NEUTRAL
https://bitcoinist.com/why-most-game-devs-are-hungry-for-nfts-stratis-study-shows/,NEUTRAL
https://bitcoinist.com/introducing-random-edge-the-first-fair-on-chain-nft-auction-platform/?utm_source=rss&utm_medium=rss&utm_campaign=introducing-random-edge-the-first-fair-on-chain-nft-auction-platform,NEUTRAL
https://bitcoinist.com/the-andy-milonakis-nft-show-ep-12-how-andy-got-a-bored-ape-a-cryptopunk/,NEUTRAL
