https://bitcoinist.com/category/altcoin-price/,NEUTRAL
https://cryptoslate.com/biggest-losers/,NEUTRAL
https://www.theblockcrypto.com/,NEUTRAL
https://cryptoslate.com/people/,NEUTRAL
https://www.forbes.com/leadership-strategy/,NEUTRAL
https://www.reddit.com/r/binance,NEUTRAL
https://www.newsbtc.com/bitcoin-businesses/,NEUTRAL
https://thecryptobasic.com/2020/02/04/key-points-when-selecting-cryptocurrency-exchanges/,NEUTRAL
https://cryptoslate.com/companies/vertical/legal/,NEUTRAL
https://thecryptobasic.com/tag/altcoins/,NEUTRAL
https://blockworks.co/events/,NEUTRAL
https://www.forbes.com/enterprise-tech/,NEUTRAL
https://cryptonews.com/news/ethereum-foundation-sends-usd-95m-in-eth-to-kraken.htm,NEUTRAL
https://www.binance.com/en/activity/affiliate,NEUTRAL
https://thecryptobasic.com/2021/02/26/just-starting-in-crypto-and-confused-about-all-the-crypto-wallet-jargon/,NEUTRAL
https://blockonomi.com/education/,NEUTRAL
https://www.forbes.com/banking-insurance/,NEUTRAL
https://www.theblockcrypto.com/cdn-cgi/l/email-protection#c4fbb7b1a6aea1a7b0f98ca1b6a1e3b7e48baaa1e496adb2a1b6e3b7e4a7b6bdb4b0abe4b4adb0a7ace4b0abe4a9b1a8b0ade9a6ada8a8adabaae4a0aba8a8a5b6e4b4a1aab7adabaae4a2b1aaa0b7e4a5aaa0e4a1aaa0abb3a9a1aab0b7e2a5a9b4ffa6aba0bdf9acb0b0b4b7feebebb3b3b3eab0aca1a6a8aba7afa7b6bdb4b0abeaa7aba9ebb4abb7b0ebf5f6f0f5f4fcebaca1b6a1b7e9abaaa1e9b6adb2a1b6b7e9a7b6bdb4b0abe9b4adb0a7ace9b0abe9a9b1a8b0ade9a6ada8a8adabaae9a0aba8a8a5b6e9b4a1aab7adabaae9a2b1aaa0b7e9a5aaa0e9a1aaa0abb3a9a1aab0b7,NEUTRAL
https://www.linkedin.com/shareArticle?mini=true&url=https://www.theblockcrypto.com/post/123782/how-to-build-lasting-wealth-through-crypto-investments&title=How to build lasting wealth through crypto investments,NEUTRAL
https://www.forbes.com/sites/tableau/,NEUTRAL
https://news.bitcoin.com/page/1841/,NEUTRAL
https://cryptoslate.com/products/category/blockchain-explorer/,NEUTRAL
https://www.theblockcrypto.com/search,NEUTRAL
https://cryptoslate.com/banking/,NEUTRAL
https://bitcoinist.com/category/litecoin/,NEUTRAL
https://blockonomi.com/orbs-introduces-layer-3-architecture/,NEUTRAL
https://thecryptobasic.com/privacy-policy/,NEUTRAL
https://cryptoslate.com/news/xrp/,NEUTRAL
https://nulltx.com/two-new-mainstream-crypto-movies-coming-soon-stay-tuned-for-nft-releases/,NEUTRAL
https://thecryptobasic.com/2021/11/12/yooshi-ama-event-asking-questions-to-share-200-million-yooshi-300-usdt/,NEUTRAL
https://cryptoslate.com/,NEUTRAL
https://bitcoinist.com/category/bitcoin-price/,NEUTRAL
https://coinjoy.io/media/315/minefield-dogecoin-mining-in-2021,NEUTRAL
https://coinjoy.io/tags/cardano-ada-news,NEUTRAL
https://decrypt.co/videos,NEUTRAL
https://cryptoslate.com/products/category/communication/,NEUTRAL
https://blockworks.co/ftx-us-reports-512-increase-in-average-daily-volume-in-q3/,NEUTRAL
https://blockworks.co/about-us/,NEUTRAL
https://cryptoslate.com/trading/,NEUTRAL
https://thecryptobasic.com/author/mark-brennan/,NEUTRAL
https://coinjoy.io/tags/ternio-news,NEUTRAL
https://cryptoslate.com/cryptos/cex/,NEUTRAL
https://www.youtube.com/channel/UCXSptFAYs-4zKwImk1SGOIQ,NEUTRAL
https://www.trkbt.com/?b=1&s=402526,NEUTRAL
https://www.theblockcrypto.com/news+,NEUTRAL
https://cryptoslate.com/four-bored-ape-yacht-club-nfts-form-gorillaz-like-music-group/,NEUTRAL
https://cryptoslate.com/biggest-gainers/,NEUTRAL
https://blockonomi.com/open-sourced-mixnet-explorer-desktop-wallet-released-by-nym/,NEUTRAL
https://coinjoy.io/media/329/defying-gravity-pirate-chain-crypto-a-fully-anonymous-network,NEUTRAL
https://blockonomi.com/bitcoincasino-review/,NEUTRAL
https://trustwallet.com,POSITIVE
https://coinjoy.io/tags/celo-price-prediction,NEUTRAL
https://decrypt.community,NEUTRAL
https://cryptoslate.com/companies/vertical/nonprofit/,NEUTRAL
https://bitcoinist.com/how-to-buy-gift-cards-or-top-up-your-mobile-with-crypto-and-coinsbee/,NEUTRAL
https://www.forbes.com/social-media/,NEUTRAL
https://nulltx.com/helium-price-up-11-is-hnt-ready-for-a-breakout/,NEUTRAL
https://www.newsbtc.com/news/dogecoin/elon-musk-sells-tesla-shares-for-5b-will-he-buy-dogecoin/,NEUTRAL
https://decrypt.co/collections/roberts-on-crypto,NEUTRAL
http://facebook.com/blockonomi,NEUTRAL
https://nulltx.com/shiba-inu-getting-ready-for-a-breakout-to-0-0001/,NEUTRAL
https://coinjoy.io/tags/safemoon-price-prediction,NEUTRAL
https://cryptoslate.com/cryptos/cosmos-ecosystem/,NEUTRAL
https://bitcoinist.com/indian-government-set-to-hear-crypto-companies-next-week/?utm_source=rss&utm_medium=rss&utm_campaign=indian-government-set-to-hear-crypto-companies-next-week,NEUTRAL
https://www.theblockcrypto.com/cdn-cgi/l/email-protection#80bff3f5e2eae5e3f4bdc6e1eea0f4efebe5eea0f0ece1f4e6eff2eda0d3efe3e9eff3a0f0e5eef3a0e4e5e1eca0f7e9f4e8a0f4e8e5a0f3f0eff2f4f3a0ede1eee1e7e5f2a0e2e5e8e9eee4a0f4e8e5a0cee5f7a0c5eee7ece1eee4a0d0e1f4f2e9eff4f3a6e1edf0bbe2efe4f9bde8f4f4f0f3baafaff7f7f7aef4e8e5e2ecefe3ebe3f2f9f0f4efaee3efedafece9eeebe5e4afb1b2b4b2b2b6afe6e1eeadf4efebe5eeadf0ece1f4e6eff2edadf3efe3e9eff3adf0e5eef3ade4e5e1ecadf7e9f4e8adf4e8e5adf3f0eff2f4f3adede1eee1e7e5f2ade2e5e8e9eee4adf4e8e5adeee5f7ade5eee7ece1eee4adf0e1f4f2e9eff4f3,NEUTRAL
https://pinedaleroundup.com/article/blockchain-community-to-be-established-near-clark,NEUTRAL
https://coinjoy.io/tags/shiba-inu-coin-news,NEUTRAL
https://blockworks.co/forte-adds-725-million-in-funding-to-push-blockchain-gaming-forward/,NEUTRAL
https://www.usatoday.com/story/money/2021/11/12/churches-accepting-cryptocurrency-offerings/6345925001/,NEUTRAL
https://www.binance.com/en/buy-Bitcoin,NEUTRAL
https://news.bitcoin.com/gofrom/featured_rotator/a-new-semiconductor-manufacturing-competitor-has-entered-the-asic-bitcoin-mining-rig-industry,NEUTRAL
https://www.newsbtc.com/news/ethereum/,NEUTRAL
https://cointelegraph.com/news/wealth-flex-coinbase-now-allows-users-to-share-their-crypto-allocations,NEUTRAL
https://www.newsbtc.com/submit-press-release/,NEUTRAL
https://nulltx.com/cartesi-price-up-21-after-rockx-launches-a-pool-with-noether/,NEUTRAL
https://blockonomi.com/ethereum/,NEUTRAL
https://www.binance.com/en/futures/BTCUSDT,NEUTRAL
https://www.binance.com/en/trade-rule,NEUTRAL
https://sensors.phemex.cloud/t/RE,NEUTRAL
https://bitcoinist.com/bitcoin-price/,NEUTRAL
https://www.binance.com/en/trade/BTC_USDT?layout=basic,NEUTRAL
https://flipboard.com/@DecryptMedia,NEUTRAL
https://www.binance.com/en/convert,NEUTRAL
https://news.bitcoin.com/submit-press-release/,NEUTRAL
https://cryptoslate.com/cardano-ada-stakers-grow-by-over-100000-since-september-but-much-more-work-still-needs-doing/,NEUTRAL
https://coinjoy.io/media/308/watchdogs-is-bitcoin-legal-in-sweden,NEUTRAL
https://nulltx.com/sneak-peek-the-mother-of-all-conferences-awaits-sigma-europe-21/,NEUTRAL
https://thecryptobasic.com/2021/03/24/what-is-tellor-trb-tellor-trb-review-chainlink-vs-tellor/,NEUTRAL
https://cryptoslate.com/cryptos/healthcare/,NEUTRAL
https://blockworks.co/kda-continues-hot-streak-lrc-rallies-markets-wrap/,NEUTRAL
https://news.bitcoin.com/hong-kong-company-onedegree-to-offer-insurance-for-cryptocurrencies/,NEUTRAL
https://blockonomi.com/page/3/,NEUTRAL
https://www.binance.com/en/blog,NEUTRAL
https://www.theblockcrypto.com/cdn-cgi/l/email-protection#be81cdcbdcd4dbddca83fcd2d1ddd5ddd6dfd7d09ed9dfd3d7d0d99ecdcadfcccacbce9ef8d1cccadb9eccdfd7cddbcd9e9a898c8b9ed3d7d2d2d7d1d09ed7d09eeddbccd7dbcd9efc9ed8cbd0dad7d0d998dfd3ce85dcd1dac783d6cacacecd849191c9c9c990cad6dbdcd2d1ddd5ddccc7cecad190ddd1d391ced1cdca918f8c8a8c8f8e91dcd2d1ddd5ddd6dfd7d093d9dfd3d7d0d993cdcadfcccacbce93d8d1cccadb93ccdfd7cddbcd93898c8b93d3d7d2d2d7d1d093cddbccd7dbcd93dc93d8cbd0dad7d0d9,NEUTRAL
https://www.forbes.com/cfo-network/,NEUTRAL
https://nulltx.com/bitgesell-the-true-digital-gold-is-now-available-on-hotbit-exchange/,NEUTRAL
https://www.todayonchain.com#,NEUTRAL
https://blockworks.co/podcasts/on-the-margin/,NEUTRAL
https://cryptoslate.com/exchanges/,NEUTRAL
https://www.newsbtc.com/news/company/ada-finance-builds-the-first-defi-ecosystem-on-cardano-with-affiliate-incentives/,NEUTRAL
https://blockset.com/?utm_source=theblock&utm_medium=webpage&utm_campaign=theblockiab&utm_term=buildtodayiab&utm_content=20210106-theblockiab,NEUTRAL
https://www.forbes.com/under30/,NEUTRAL
https://www.todayonchain.com/,NEUTRAL
https://coinjoy.io/media/322/interactive-3d-nfts-on-the-dfinity-internet-computer-network,NEUTRAL
https://blockworks.co/parafi-to-launch-200-million-growth-fund/,NEUTRAL
https://blockworks.co/podcasts/,NEUTRAL
https://thecryptobasic.com/2020/07/03/phemex-review/,NEUTRAL
https://cryptoslate.com/consensys-co-founder-tantalizes-the-possibility-of-a-metamask-token/,NEUTRAL
https://finance.yahoo.com/news/blockchain-technology-market-size-increase-013000557.html,NEUTRAL
https://coinjoy.io/tags/amp-crypto-news,NEUTRAL
https://coinjoy.io/tags/solana-news,NEUTRAL
https://www.forbes.com/cop26,NEUTRAL
https://www.forbes.com/sites/danalexander/2019/08/14/heres-the-net-worth-of-every-2020-presidential-candidate/,POSITIVE
https://blockonomi.com/mbit-casino-review/,NEUTRAL
https://www.forbes.com/wealth-management/,NEUTRAL
https://nulltx.com/mana-price-up-20-as-sothebys-announces-upcoming-virtual-exhibition/,NEUTRAL
https://cryptoslate.com/cryptos/gaming/,NEUTRAL
https://thecryptobasic.com/2021/11/11/codi-finance-announces-ido-of-native-token-codi/,NEUTRAL
https://www.todayonchain.com/press-releases/nobility-features-functionality-press-release/,NEUTRAL
https://thecryptobasic.com/2020/01/28/what-is-ethereum-and-how-does-it-work/,POSITIVE
https://coinjoy.io/news/248014819/cardano-s-ouroboros-and-eutxo-solidifies-the-network,NEUTRAL
https://coinjoy.io/media/316/shiba-inu-coin-news-and-its-controversial-backstory,NEUTRAL
https://news.bitcoin.com/ada-finance-announces-haskell-academy-program-with-bitdegree/,NEUTRAL
https://www.the-sun.com/tech/4052751/what-are-metaverse-cryptocurrency-tokens/,NEUTRAL
https://thecryptobasic.com/category/cryptocurrency-exchanges/,NEUTRAL
https://coinjoy.io/tags/celo-news,NEUTRAL
https://cryptoslate.com/people-of-blockchain/,NEUTRAL
https://cryptoslate.com/cryptos/art/,NEUTRAL
https://www.forbes.com/sites/amazonwebservices/,NEUTRAL
https://blockonomi.com/binance-review/,NEUTRAL
https://www.theblockcrypto.com/cdn-cgi/l/email-protection#ead5999f88808f899ed7a28f988fcd99caa5848fcab8839c8f98cd99ca8998939a9e85ca9a839e8982ca9e85ca879f869e83c788838686838584ca8e8586868b98ca9a8f8499838584ca8c9f848e99ca8b848eca8f848e859d878f849e99cc8b879ad188858e93d7829e9e9a99d0c5c59d9d9dc49e828f88868589818998939a9e85c4898587c59a85999ec5dbd8dedbdad2c5828f988f99c785848fc798839c8f9899c78998939a9e85c79a839e8982c79e85c7879f869e83c788838686838584c78e8586868b98c79a8f8499838584c78c9f848e99c78b848ec78f848e859d878f849e99,NEUTRAL
https://www.forbes.com/personal-finance/,NEUTRAL
https://news.bitcoin.com/sothebys-to-bring-down-the-hammer-in-ethereum-on-2-iconic-banksy-paintings/,NEUTRAL
https://cryptoslate.com/cryptos/marketplace/,NEUTRAL
https://www.newsbtc.com/analysis/zec/,NEUTRAL
https://www.theblockcrypto.com/cdn-cgi/l/email-protection#98a7ebedfaf2fdfbeca5d9f6b8ddeef9f4edf9ecf1f7f6b8f7feb8dcf1fff1ecf9f4b8d9ebebfdecb8dbedebecf7fce1b8cbf7f4edecf1f7f6ebb87a180c5a38daeaf7edfff0ecb8ecf7b8e1f7edb8fae1b8def1eafdfaf4f7fbf3ebbef9f5e8a3faf7fce1a5f0ecece8eba2b7b7efefefb6ecf0fdfaf4f7fbf3fbeae1e8ecf7b6fbf7f5b7e8f7ebecb7a9aaaca9adacb7f9f6b5fdeef9f4edf9ecf1f7f6b5f7feb5fcf1fff1ecf9f4b5f9ebebfdecb5fbedebecf7fce1b5ebf7f4edecf1f7f6ebb5faeaf7edfff0ecb5ecf7b5e1f7edb5fae1b5fef1eafdfaf4f7fbf3eb,NEUTRAL
https://coinjoy.io/tags/voyager-price-prediction,NEUTRAL
https://coinjoy.io/tags/telcoin-price-prediction,NEUTRAL
https://coinjoy.io/tags/cardano-price-prediction,NEUTRAL
https://blockworks.co/category/financial-services/,NEUTRAL
https://cryptoslate.com/crime/,NEUTRAL
https://coinjoy.io/news/248017990/indonesia-s-national-islamic-council-reportedly-declares-bitcoin-haram,NEUTRAL
https://www.forbes.com/leadership/,NEUTRAL
https://consent.yahoo.com/redirect?to=https%3A%2F%2Fwww.verizonmedia.com%2Fpolicies%2Fie%2Fen%2Fverizonmedia%2Fprivacy%2Ftopics%2Fcookies%2Findex.html&brandDomain=&brandId=yahoo&tos=eu&step=&sessionId=3_cc-session_a6cb67b6-a056-4dfd-96a0-56c194f4933a&userType=NON_REG,NEUTRAL
https://blockworks.co/podcasts/empire/,NEUTRAL
https://blockonomi.com/gaming/,NEUTRAL
https://thecryptobasic.com/2021/11/12/bitforex-launches-yooshi/,NEUTRAL
https://bitcoinist.com/best-bitcoin-forex-brokers-how-to-choose-the-best-bitcoin-forex-broker/,POSITIVE
https://www.newsbtc.com/nft/,NEUTRAL
https://www.youtube.com/binanceyoutube,NEUTRAL
https://news.bitcoin.com/meet-antminer-s19-xp-bitmain-reveals-asic-manufacturers-most-powerful-bitcoin-miner/,NEUTRAL
https://cryptoslate.com/cryptos/storage/,NEUTRAL
https://news.bitcoin.com/the-new-tech-company-on-the-horizon-mylo-events-llc-trailblazers-of-music-in-the-metaverse/,NEUTRAL
https://blockworks.co/webinars/,NEUTRAL
https://coinjoy.io/media/325/blockchain-life-2021-one-of-the-biggest-blockchain-events,NEUTRAL
https://www.forbes.com/sites/splunk/?sh=346a3bea316e,NEUTRAL
https://bitcoinist.com/patriots-partnership-with-socios-com-shows-the-nfl-may-be-warming-up-to-crypto/?utm_source=rss&utm_medium=rss&utm_campaign=patriots-partnership-with-socios-com-shows-the-nfl-may-be-warming-up-to-crypto,NEUTRAL
https://cryptoslate.com/cryptos/meme/,NEUTRAL
https://thecryptobasic.com/2020/01/28/how-to-trade-cryptocurrency-best-cryptocurrency-trading-strategies/,POSITIVE
https://nulltx.com/elonballs-pokemon-meets-elon-musk/,NEUTRAL
https://www.binance.com/en/buy-sell-crypto,NEUTRAL
https://coinjoy.io/tags/telcoin-news,NEUTRAL
https://www.youtube.com/channel/UCwlxQ4D_GPhYpJc5p-JfRzA?view_as=subscriber,NEUTRAL
https://cryptoslate.com/media/,NEUTRAL
https://cryptoslate.com/privacy/,NEUTRAL
https://cryptoslate.com/cryptos/proof-of-stake/,NEUTRAL
https://blockonomi.com/out/binance,NEUTRAL
https://www.facebook.com/thecryptobasic,NEUTRAL
https://cryptoslate.com/cryptos/governance/,NEUTRAL
https://coinjoy.io/tags/civic-price-prediction,NEUTRAL
https://thecryptobasic.com/category/latest-crypto-news/ico-ido-ieo/,NEUTRAL
https://cryptoslate.com/cryptos/travel/,NEUTRAL
https://coinjoy.io/media/334/defying-gravity-mdex-crypto-hidden-power-of-the-amm-protocol,NEUTRAL
https://cryptoslate.com/news/tezos/,NEUTRAL
https://www.newsbtc.com/news/,NEUTRAL
https://blockonomi.com/stellar-price/,NEUTRAL
https://coinjoy.io/tags/sushiswap-news,NEUTRAL
https://www.newsbtc.com/news/defi/,NEUTRAL
https://blockonomi.com/ripple-price/,NEUTRAL
https://www.theblockcrypto.com/cdn-cgi/l/email-protection#29165a5c4b434c4a5d1468445945406f405b4c0904096847096c5f4c475d094b500965405a420f484459124b464d5014415d5d595a1306065e5e5e075d414c4b45464a424a5b50595d46074a46440659465a5d06181b1a1e111e0648445945404f405b4c044847044c5f4c475d044b500445405a42,NEUTRAL
https://news.bitcoin.com/squares-cash-app-generates-1-8-billion-in-bitcoin-revenue-btc-profit-up-29-in-q3/,NEUTRAL
https://coinjoy.io/tags/chiliz-price-prediction,POSITIVE
https://blockonomi.com/opensea-volume-all-time-high/,NEUTRAL
https://cryptoslate.com/news/polkadot/,NEUTRAL
https://www.forbes.com/venture-capital/,NEUTRAL
https://blockonomi.com/page/2/,NEUTRAL
https://coinjoy.io/tags/dydx-price-prediction,NEUTRAL
https://cryptoslate.com/cryptos/computing/,NEUTRAL
https://cryptoslate.com/ethereums-arrow-glacier-upgrade-delays-difficulty-bomb-until-june-2022/,NEUTRAL
https://www.newsbtc.com/analysis/eos-price/,NEUTRAL
https://cryptoslate.com/companies/vertical/broker/,NEUTRAL
https://blockworks.co/webinars/current-state-of-institutional-trading/,NEUTRAL
https://nulltx.com/shiba-inu-price-down-10-robinhood-coo-discusses-listing/,NEUTRAL
https://www.forbes.com/sites/sap/,POSITIVE
https://www.newsbtc.com/news/mastercard-2021-investment-community-meeting-a-plan-to-help-crypto/,NEUTRAL
https://nulltx.com/helium-network-hits-300k-live-nodes-making-it-the-largest-operating-iot-blockchain/,NEUTRAL
https://www.theblockcrypto.com/data,POSITIVE
https://www.forbes.com/5g/,NEUTRAL
https://crypto.com/price/bitcoin,NEUTRAL
https://bit.ly/3kbH0i5,NEUTRAL
https://coinjoy.io/media/330/13-biggest-cryptocurrency-scams-spooky-but-true-stories,NEUTRAL
https://www.binance.com/en/buy-Litecoin,NEUTRAL
https://www.theblockcrypto.com/post/124246/fintech-unicorn-nubank-expects-twin-public-listings-next-month-invites-app-users-to-become-partners,NEUTRAL
https://www.binance.com/en/OTC-Trading,NEUTRAL
https://bitcoinist.com/data-ownership-as-a-form-of-universal-basic-income-meet-swash/?utm_source=rss&utm_medium=rss&utm_campaign=data-ownership-as-a-form-of-universal-basic-income-meet-swash,NEUTRAL
https://cryptoslate.com/cryptos/business-service/,NEUTRAL
https://cryptoslate.com/news/ethereum/,NEUTRAL
https://cryptoslate.com/wallets/,NEUTRAL
https://thecryptobasic.com/2021/02/11/aeternity-coin-ae/#comments,NEUTRAL
https://www.newsbtc.com/news/company/introducing-random-edge-the-first-fair-on-chain-nft-auction-platform/,NEUTRAL
https://thecryptobasic.com/category/cryptocurrency-trading-bot/,NEUTRAL
https://coinjoy.io/write-for-us,NEUTRAL
https://cryptoslate.com/cryptos/dpos/,NEUTRAL
https://www.youtube.com/channel/UCkrwgzhIBKccuDsi_SvZtnQ,NEUTRAL
https://www.linkedin.com/shareArticle?mini=true&url=https://www.theblockcrypto.com/post/124210/blockchain-gaming-startup-forte-raises-725-million-series-b-funding&title=Blockchain gaming startup Forte raises $725 million in Series B funding,NEUTRAL
https://www.complex.com/music/money-man-blockchain-album,NEUTRAL
https://blockonomi.com/nicky-minaj-promotes-happy-hippos-nft/,NEUTRAL
https://bitcoinmagazine.com/technical/why-bitcoin-taproot-activation-is-exciting,NEUTRAL
https://journalrecord.com/2021/11/12/more-investors-tread-into-wild-west-of-cryptocurrency/,NEUTRAL
https://www.cnbc.com/2021/11/12/stocks-that-are-inflation-plays-are-becoming-correlated-with-cryptocurrency-trivariate-found.html,NEUTRAL
https://coinjoy.io/tags/the-graph-price-prediction,NEUTRAL
https://consent.yahoo.com/redirect?to=https%3A%2F%2Fwww.verizonmedia.com%2Fpolicies%2Fie%2Fen%2Fverizonmedia%2Fprivacy%2Findex.html&brandDomain=&brandId=yahoo&tos=eu&step=&sessionId=3_cc-session_a6cb67b6-a056-4dfd-96a0-56c194f4933a&userType=NON_REG,NEUTRAL
https://jn3rg.app.link/Q4o0Cq4hJjb,NEUTRAL
https://www.nuwireinvestor.com/the-ultimate-guide-to-investing-into-blockchain-technology/,NEUTRAL
https://www.newsbtc.com/brokers/,POSITIVE
https://bitcoinist.com/category/fintech/,NEUTRAL
https://www.forbes.com/etfs-mutual-funds/,NEUTRAL
https://cryptonews.com/news/put-away-the-ethereum-knives-we-come-in-peace-solana-co-founder.htm,NEUTRAL
https://decrypt.co/search,NEUTRAL
https://lisk.com/,NEUTRAL
https://thecryptobasic.com/category/latest-crypto-news/crypto-education/,NEUTRAL
https://www.binance.com/en/news/top/6434717,NEUTRAL
https://cryptoslate.com/news/algorand/,NEUTRAL
https://www.theblockcrypto.com/post/124108/heres-one-rivers-crypto-pitch-to-multi-billion-dollar-pension-funds-and-endowments,NEUTRAL
https://news.bitcoin.com/op-ed/,NEUTRAL
https://www.forbes.com/cmo-network/,NEUTRAL
https://coinjoy.io/media/301/defying-gravity-floki-inu-price-utility-and-analysis-of-a-new-token,NEUTRAL
https://binance-docs.github.io/apidocs/spot/en,NEUTRAL
https://cryptoslate.com/news/stellar/,NEUTRAL
https://www.theblockresearch.com/an-evaluation-of-digital-asset-custody-solutions-brought-to-you-by-fireblocks-124174,NEUTRAL
https://crypto.com/price/ethereum,NEUTRAL
https://thecryptobasic.com/2021/11/13/binance-ceo-changpeng-zhao-sold-apartment-for-1500-bitcoin-in-2014/,NEUTRAL
https://nulltx.com/the-aiwork-ecosystem-and-its-real-world-applications/,NEUTRAL
https://cryptoslate.com/cryptos/exchange/,NEUTRAL
https://cryptoslate.com/miami-residents-could-soon-receive-bitcoin-dividends-earned-through-miamicoin/,NEUTRAL
https://blockonomi.com/security/,NEUTRAL
https://thecryptobasic.com/author/pr-desk/,NEUTRAL
https://bitcoinist.com/ethereum-price/,NEUTRAL
https://bitcoinist.com/category/ethereum/,NEUTRAL
https://nulltx.com/about/,NEUTRAL
https://bitcoinist.com/litecoin-price/,NEUTRAL
https://cryptoslate.com/companies/vertical/media/,NEUTRAL
https://cryptoslate.com/coins/,NEUTRAL
https://telegram.me/www_Bitcoin_com,NEUTRAL
https://www.forbes.com/ceo-network,NEUTRAL
https://thecryptobasic.com/2021/02/01/vertcoin-guide/#respond,POSITIVE
https://thecryptobasic.com/2021/11/12/coinstore-lists-babyxape-another-ape-to-follow/,POSITIVE
https://coinjoy.io/tags/ankr-price-prediction,NEUTRAL
https://nulltx.com/oly-sport-made-history-with-one-of-the-most-successful-ido-token-sale-of-all-time/,NEUTRAL
https://cryptoslate.com/cryptos/advertising/,NEUTRAL
https://cryptoslate.com/rumors/,NEUTRAL
https://www.todayonchain.com/press-releases/lec-initiated-on-chain-vote-for-donation-to-haiti-earthquake/,NEUTRAL
https://cryptoslate.com/cryptos/yield-farming/,NEUTRAL
https://coinjoy.io/tags/vethor-token-price-prediction,NEUTRAL
https://thecryptobasic.com/2021/11/09/slowly-but-surely-after-surpassing-facebook-tesla-visa-ali-baba-nivida-in-market-cap-bitcoin-is-on-its-way-to-beat-silver/,POSITIVE
https://bitcoinist.com/category/bitcoin-businesses/,NEUTRAL
https://blockonomi.com/brokers/,NEUTRAL
https://blockworks.co/solana-developers-are-reaping-vc-rewards/,NEUTRAL
https://cryptoslate.com/companies/vertical/research/,NEUTRAL
https://bit.ly/3ls78Us,POSITIVE
https://cryptonews.com/news/bitcoin-consolidates-while-ethereum-and-altcoins-inch-higher.htm,NEUTRAL
https://thecryptobasic.com/category/latest-crypto-news/crypto-market/,NEUTRAL
https://blockonomi.com/eos-price/,NEUTRAL
https://coinjoy.io/tags/feg-token-news,NEUTRAL
https://cryptoslate.com/stablecoins/,NEUTRAL
https://nulltx.com/author/paulbrabus/,NEUTRAL
https://cryptoslate.com/news/aave/,NEUTRAL
https://coinjoy.io/tags/celer-network-price-prediction,NEUTRAL
https://cointelegraph.com/news/sotheby-s-will-take-eth-bids-in-real-time-for-banksy-auction,NEUTRAL
https://cryptoslate.com/cryptos/gambling/,NEUTRAL
https://thecryptobasic.com/2021/02/11/aeternity-coin-ae/,NEUTRAL
https://decrypt.co/85994/why-aave-v3s-new-portal-feature-could-be-a-game-changer,NEUTRAL
https://cryptoslate.com/cryptos/smart-contracts/,NEUTRAL
https://thecryptobasic.com/2020/02/05/what-is-cryptocurrency-staking/,NEUTRAL
https://www.newsbtc.com/,NEUTRAL
https://blockonomi.com/bitcoin-price/,NEUTRAL
https://cryptoslate.com/news/theta/,NEUTRAL
https://nulltx.com/top-5-meme-coins-watch-in-2022/,NEUTRAL
https://coinjoy.io/news/248022720/twitter-reveals-team-that-will-lead-its-decentralisation-and-crypto-initiatives,POSITIVE
https://www.reddit.com/submit?url=https://coinjoy.io/media/342/weekly-digest-binance-in-france-and-twitter-s-crypto-team&title=Weekly%20Digest:%20Binance%20in%20France%20&%20Twitter's%20Crypto%20Team,NEUTRAL
https://coinjoy.io/media/321/revolutionary-gaming-crypto-usdevcoin-partners-with-nascar-xfinity-series-team-for-kansas-lottery-300,NEUTRAL
https://cryptoslate.com/gamefi/,NEUTRAL
https://coinjoy.io/media/306/rolling-stocks-grt-crypto-secured-fast-and-decentralized-database,NEUTRAL
https://blockworks.co/newsletter/,POSITIVE
https://news.bitcoin.com/about-bitcoin-news/,NEUTRAL
https://blockonomi.com/defi/,NEUTRAL
https://coinjoy.io/media/338/defying-gravity-axie-infinity-pioneer-in-the-future-of-gaming,NEUTRAL
https://cryptoslate.com/news/synthetix/,NEUTRAL
https://www.newsbtc.com#,NEUTRAL
https://bitcoinist.com/category/altcoin-news/,NEUTRAL
https://coinjoy.io/media/221/minefield-the-basic-principles-of-cryptocurrency-mining,NEUTRAL
https://nulltx.com/mask-network-up-44-amid-cryptoart-ai-partnership-and-mask-2-0-update/,NEUTRAL
https://blockworks.co/advertise/,POSITIVE
https://www.forbes.com/sites/tmobile,NEUTRAL
https://www.forbes.com/working-remote/,NEUTRAL
https://www.theblockcrypto.com/privacy-policy,NEUTRAL
https://www.binance.com/en/trade/BTC_USDT?layout=pro,NEUTRAL
https://www.binance.com/en/cards/,NEUTRAL
https://www.binance.com/en/privacy,NEUTRAL
https://cryptoslate.com/faq/,NEUTRAL
https://blockworks.co/events/das-london/,NEUTRAL
https://coinjoy.io/media/156/what-are-the-ring-signatures-in-monero,NEUTRAL
https://bitcoinist.com/advertise/,NEUTRAL
https://blockonomi.com/atani-dex-aggregator/,NEUTRAL
https://coinjoy.io/media/320/defying-gravity-foreverfomo-coin-a-new-generation-cryptocurrency,NEUTRAL
https://www.theblockcrypto.com/events,NEUTRAL
https://cryptoslate.com/scams/,NEUTRAL
https://blockonomi.com/binance-coin-price/,NEUTRAL
https://cryptoslate.com/news/tether/,NEUTRAL
https://www.theblockcrypto.com/financial-disclosures,NEUTRAL
https://bitcoinist.com/why-most-game-devs-are-hungry-for-nfts-stratis-study-shows/?utm_source=rss&utm_medium=rss&utm_campaign=why-most-game-devs-are-hungry-for-nfts-stratis-study-shows,NEUTRAL
https://coinbuzzfeed.com#content,NEUTRAL
https://www.binance.com/en/futures/strategy/grid?symbol=BTCBUSD,NEUTRAL
https://thecryptobasic.com/2021/03/20/what-is-soft-fork-and-hard-fork-what-is-the-difference-between-them/,NEUTRAL
https://blockworks.co/author/sammartin/,NEUTRAL
https://decrypt.co/collections/zero-knowledge,NEUTRAL
https://nulltx.com/author/jameswoods/,NEUTRAL
https://blockonomi.com/business/,NEUTRAL
https://nulltx.com/what-is-safemoon-is-it-a-good-investment/,NEUTRAL
https://blockworks.co/author/samreynolds/,NEUTRAL
https://www.newsbtc.com/trade/,NEUTRAL
https://www.forbes.com/markets/,NEUTRAL
https://coinjoy.io/tags/stormx-price-prediction,NEUTRAL
https://cointelegraph.com/news/are-institutional-investors-the-key-silent-partners-of-crypto,NEUTRAL
https://coinjoy.io/tags/eclipse-token-price-prediction,NEUTRAL
https://blockworks.co/category/regulation/,NEUTRAL
https://venturebeat.com/2021/11/12/forte-raises-725m-for-compliant-blockchain-gaming-platform/,NEUTRAL
https://blockworks.co/microsofts-blockchain-director-major-brands-embracing-nfts-will-drive-mainstream-adoption/,NEUTRAL
https://cryptoslate.com/companies/vertical/manufacturing/,NEUTRAL
https://blockonomi.com/nfts/,NEUTRAL
https://www.forbes.com/sites/sprinklr/,NEUTRAL
https://bitcoinist.com/category/how-to/,NEUTRAL
https://www.theblockcrypto.com/cdn-cgi/l/email-protection#95f6fafbe1f0fbe1d5e1fdf0f7f9faf6fef6e7ece5e1fabbf6faf8,NEUTRAL
https://cryptoslate.com/DeFi/,NEUTRAL
https://www.facebook.com/decryptmedia,NEUTRAL
https://news.bitcoin.com/page/3/,NEUTRAL
https://coinjoy.io/media/324/cronics-play-to-earn-economy-launches-on-the-internet-computer,NEUTRAL
https://cryptoslate.com/news/cardano/,NEUTRAL
https://coinjoy.io/tags/amp-crypto-price-prediction,POSITIVE
https://coinjoy.io/tags/polymath-price-prediction,NEUTRAL
https://coinjoy.io/media/300/watchdogs-cryptocurrency-regulation-in-germany,NEUTRAL
https://coinjoy.io/tags/Interntet-computer-icp-price-prediction,POSITIVE
https://thecryptobasic.com/2021/11/04/top-five-crypto-to-watch-in-november/,NEUTRAL
https://coinjoy.io/tags/coti-price-prediction,POSITIVE
https://blockworks.co/category/profiles/,NEUTRAL
https://bitcoinist.com/the-andy-milonakis-nft-show-ep-12-how-andy-got-a-bored-ape-a-cryptopunk/?utm_source=rss&utm_medium=rss&utm_campaign=the-andy-milonakis-nft-show-ep-12-how-andy-got-a-bored-ape-a-cryptopunk,NEUTRAL
https://cryptoslate.com/cryptos/cybersecurity/,NEUTRAL
https://jobs.lever.co/theblockcrypto,NEUTRAL
https://bitcoinist.com/sothebys-to-accept-ethereum-live-bids-for-famous-banksy-pieces/?utm_source=rss&utm_medium=rss&utm_campaign=sothebys-to-accept-ethereum-live-bids-for-famous-banksy-pieces,NEUTRAL
https://cryptoslate.com/news/kusama/,NEUTRAL
https://nulltx.com/nexo-finance-ceo-talks-crypto-lending-on-recent-podcast-interview/,NEUTRAL
https://cryptoslate.com/nfts/,NEUTRAL
https://decrypt.co/81402/audius-review-testing-the-crypto-powered-music-streaming-service,NEUTRAL
https://coinjoy.io/media/307/weekly-digest-shiba-inu-900k-followers-and-millionaire-loses-usd500k-in-doge,NEUTRAL
https://coinjoy.io/tags/solanium-news,NEUTRAL
https://news.bitcoin.com/page/2/,NEUTRAL
https://cryptoslate.com/chia-network-will-help-costa-rica-track-climate-change/,NEUTRAL
https://cryptoslate.com/people/category/programmers/,NEUTRAL
https://bitcoinist.com/contact-us/,NEUTRAL
https://cryptoslate.com/cryptos/communication/,NEUTRAL
https://nulltx.com/author/nulltxpr/,NEUTRAL
https://www.facebook.com/binance,NEUTRAL
https://news.bitcoin.com/gofrom/featured_rotator/author-insists-current-gold-price-cheaper-now-than-in-1980,NEUTRAL
https://finance.yahoo.com/news/riot-blockchain-riot-bitcoin-dont-204908399.html,NEUTRAL
https://blockworks.co/news/,NEUTRAL
https://cryptoslate.com/companies/vertical/development/,NEUTRAL
https://t.me/bitcoinistnews,NEUTRAL
https://coinjoy.io/media/340/coinmarketcap-review-the-largest-crypto-statistic-portal,NEUTRAL
https://coinjoy.io/tags/nkn-crypto-news,NEUTRAL
https://www.binance.com/en/buy-BNB,NEUTRAL
https://cointelegraph.com/news/ken-griffin-says-bitcoin-will-be-replaced-by-ethereum-based-currency,NEUTRAL
https://cryptoslate.com/cryptos/lending-borrowing/,NEUTRAL
https://www.binance.com/en/delivery/btcusd_quarter,NEUTRAL
https://news.bitcoin.com/bostwana-does-not-have-regulatory-framework-for-crypto-central-bank/,NEUTRAL
https://nulltx.com/category/press-releases/,NEUTRAL
https://cryptoslate.com/cryptos/charity/,NEUTRAL
https://nulltx.com/category/news/price/,NEUTRAL
https://blockonomi.com/author/nick/,NEUTRAL
https://coinjoy.io/tags/monero-price-prediction,POSITIVE
https://bitcoinist.com/category/blockchain-technology/,NEUTRAL
https://www.theblockcrypto.com/cdn-cgi/l/email-protection#2053414c455360544845424c4f434b43525950544f0e434f4d,NEUTRAL
https://blockworks.co/author/jasonblockworksgroup-io/,NEUTRAL
https://coinjoy.io/tags/harmony-one-news,POSITIVE
https://nulltx.com/page/242/,NEUTRAL
https://blockonomi.com/author/daniel/,NEUTRAL
https://t.me/share/url?url=https://coinjoy.io/media/342/weekly-digest-binance-in-france-and-twitter-s-crypto-team&text=Weekly%20Digest:%20Binance%20in%20France%20&%20Twitter's%20Crypto%20Team,NEUTRAL
https://cryptoslate.com/investments/,NEUTRAL
https://news.bitcoin.com/metaverse-is-next-big-investment-theme-according-to-morgan-stanley/,NEUTRAL
https://cryptonews.com/news/bitcoin-show-bearish-signs-ethereum-and-altcoins-lose-momentum.htm,NEUTRAL
https://www.todayonchain.com/cryptocurrency/,NEUTRAL
https://www.linkedin.com/shareArticle?mini=true&url=https://www.theblockcrypto.com/linked/124226/fan-token-platform-socios-pens-deal-with-the-sports-manager-behind-the-new-england-patriots&title=Fan token platform Socios pens deal with the sports manager behind the New England Patriots,NEUTRAL
https://www.theblockcrypto.com/cdn-cgi/l/email-protection#86b9f5f3e4ece3e5f2bbcfe8e2efe7a1f5a6e1e9f0e3f4e8ebe3e8f2a6eff5a6ebe3e3f2efe8e1a6f1eff2eea6e5f4fff6f2e9a6efe8e2f3f5f2f4ffa6e3fee3e5f3f2eff0e3f5a6e9e8a6cbe9e8e2e7ffa0e7ebf6bde4e9e2ffbbeef2f2f6f5bca9a9f1f1f1a8f2eee3e4eae9e5ede5f4fff6f2e9a8e5e9eba9f6e9f5f2a9b7b4b2b7b0b2a9efe8e2efe7abe1e9f0e3f4e8ebe3e8f2abebe3e3f2efe8e1abe5f4fff6f2e9abefe8e2f3f5f2f4ffabe3fee3e5f3f2eff0e3f5abe8e9f0e3ebe4e3f4,NEUTRAL
https://cryptoslate.com/people/category/investors/,NEUTRAL
https://blockonomi.com/bitcoin/,NEUTRAL
https://www.forbes.com/sites/cisco-webex/,NEUTRAL
https://www.theblockcrypto.com/promotions/research-membership?ref=herobox,NEUTRAL
https://bitcoinist.com/introducing-random-edge-the-first-fair-on-chain-nft-auction-platform/?utm_source=rss&utm_medium=rss&utm_campaign=introducing-random-edge-the-first-fair-on-chain-nft-auction-platform,NEUTRAL
https://www.theblockcrypto.com/cdn-cgi/l/email-protection#a897dbddcac2cdcbdc95e0c7df88dcc788caddc1c4cc88c4c9dbdcc1c6cf88dfcdc9c4dcc088dcc0dac7ddcfc088cbdad1d8dcc788c1c6decddbdcc5cdc6dcdb8ec9c5d893cac7ccd195c0dcdcd8db928787dfdfdf86dcc0cdcac4c7cbc3cbdad1d8dcc786cbc7c587d8c7dbdc87999a9b9f909a87c0c7df85dcc785caddc1c4cc85c4c9dbdcc1c6cf85dfcdc9c4dcc085dcc0dac7ddcfc085cbdad1d8dcc785c1c6decddbdcc5cdc6dcdb,NEUTRAL
https://news.bitcoin.com/gofrom/featured_rotator/square-enix-contemplates-robust-entry-into-blockchain-games-as-part-of-business-strategy,NEUTRAL
https://coinjoy.io/tags/omg-network-news,NEUTRAL
https://www.theblockcrypto.com/cdn-cgi/l/email-protection#4d723e382f27282e39700c203d21240b243f286d606d0c236d083b2823396d2f346d01243e266b2c203d762f222934702539393d3e7762623a3a3a633925282f21222e262e3f343d3922632e2220623d223e39627c7f7e7a757a622c203d21242b243f28602c2360283b282339602f346021243e26,NEUTRAL
https://cointelegraph.com/news/solana-labs-co-founder-we-don-t-want-to-kill-beautiful-ethereum,NEUTRAL
https://thecryptobasic.com/2020/09/11/how-to-set-a-stop-loss-on-binance-futures/,NEUTRAL
https://www.binance.com/en/bnb,NEUTRAL
https://coinjoy.io/tags/ethereum-price-prediction,POSITIVE
https://blockworks.co/the-investors-guide-to-daos/,NEUTRAL
https://blockworks.co/category/sponsored/,NEUTRAL
https://coinjoy.io/tags/storj-price-prediction,NEUTRAL
https://thecryptobasic.com/category/cryptocurrency-press-release/,NEUTRAL
https://cryptoslate.com/news/polygon/,NEUTRAL
https://cryptoslate.com/companies/vertical/education/,NEUTRAL
https://www.theblockcrypto.com/cdn-cgi/l/email-protection#76490503141c1315024b301f180213151e5603181f151904185638031417181d56130e06131502055602011f18560603141a1f15561a1f05021f1811055618130e02561b1918021e5a561f18001f0213055617060656030513040556021956141315191b1356061704021813040550171b064d1419120f4b1e020206054c595901010158021e13141a19151d15040f0602195815191b59061905025947444244424059101f180213151e5b03181f151904185b18031417181d5b130e06131502055b02011f185b0603141a1f155b1a1f05021f1811055b18130e025b1b1918021e5b1f18001f0213055b1706065b03051304055b02195b141315191b135b0617040218130405,NEUTRAL
https://www.forbes.com/science/,NEUTRAL
https://cryptoslate.com/advertising/,NEUTRAL
https://www.theblockcrypto.com/news+/123863/theres-a-land-rush-going-on-in-the-metaverse-but-how-do-you-value-virtual-land,NEUTRAL
https://cryptoslate.com/cryptos/nft/,NEUTRAL
https://www.binance.com/en/news/top/3015276,NEUTRAL
https://cryptoslate.com/companies/vertical/accelerator/,NEUTRAL
https://www.binance.com/en/community,NEUTRAL
https://thecryptobasic.com/tag/nft/,NEUTRAL
https://worthpad.io/?utm_source=bitcoinist&utm_medium=MenuButton&utm_campaign=bitcoinist_MB&utm_term=tokenpresale&utm_content=logo-worthpad,NEUTRAL
https://news.bitcoin.com/press-releases/,NEUTRAL
https://www.forbes.com/cio-network/,NEUTRAL
https://cloud.binance.com/,NEUTRAL
https://www.facebook.com/buy.bitcoin.news/,NEUTRAL
https://coinjoy.io/tags/ternio-price-prediction,NEUTRAL
https://cryptoslate.com/disclaimers/,NEUTRAL
https://www.theblockcrypto.com/promotions/research-membership?ref=nav,NEUTRAL
https://news.bitcoin.com/dcg-mining-subsidiary-foundry-launches-range-of-services-for-20-crypto-staking-networks/,NEUTRAL
https://www.instagram.com/blockworks__/,NEUTRAL
https://www.reddit.com/r/CoinJoyIo/,NEUTRAL
https://cryptoslate.com/news/avalanche/,NEUTRAL
https://blockworks.co/podcasts/the-meb-faber-show/,NEUTRAL
https://www.theblockcrypto.com/cdn-cgi/l/email-protection#14677578716754607c7176787b777f77666d64607b3a777b79,NEUTRAL
https://www.newsbtc.com/news/company/simbiotes-the-home-of-a-new-breed-of-evolving-digital-collectibles/,POSITIVE
https://news.bitcoin.com/digital-ruble-to-give-russians-what-they-need-bank-of-russia-governor-says/,NEUTRAL
https://www.forbes.com/retirement/,NEUTRAL
https://coinjoy.io/media/342/weekly-digest-binance-in-france-and-twitter-s-crypto-team,NEUTRAL
https://cryptoslate.com/cryptos/deflationary/,NEUTRAL
https://thecryptobasic.com/tag/ethereum/,NEUTRAL
https://bitcoinist.com/mimblewimblecoin-price/,NEUTRAL
https://thecryptobasic.com/2021/02/23/tradesanta-review/#respond,NEUTRAL
https://blockonomi.com/cardano-price/,NEUTRAL
https://cryptoslate.substack.com/,NEUTRAL
https://coingeek.com/create-your-own-pocket-sized-blockchain-in-javascript/,NEUTRAL
https://coinjoy.io/tags/district0x-news,NEUTRAL
https://www.binance.com/en/news/top/6420803,NEUTRAL
https://www.theblockcrypto.com/post/124164/india-government-meeting-crypto-industry-executives-november,NEUTRAL
https://nulltx.com/shiba-inu-gets-shoutout-from-island-boys-price-goes-up-12/,NEUTRAL
https://cryptoslate.com/polygon-leads-nft-gaming-growth-while-axie-infinity-decentraland-retain-powerhouse-status/,POSITIVE
https://coinjoy.io/media/311/minefield-ethereum-classic-mining-essentials,NEUTRAL
https://decrypt.co/resources/non-fungible-tokens-nfts-explained-guide-learn-blockchain,NEUTRAL
https://nulltx.com/author/visionaryfinance/,NEUTRAL
https://academy.binance.com/en,NEUTRAL
https://cryptoslate.com/polygon-contributes-500000-in-matic-to-ethereum-prediction-dapp-sportx/,NEUTRAL
https://bit.ly/3n9jXX5,NEUTRAL
https://www.linkedin.com/shareArticle?mini=true&url=https://www.theblockcrypto.com/post/124164/india-government-meeting-crypto-industry-executives-november&title=India's government is meeting with crypto industry executives on Monday,NEUTRAL
https://coinjoy.io/tags/nkn-price-prediction,NEUTRAL
https://www.linkedin.com/shareArticle?mini=true&url=https://www.theblockcrypto.com/linked/124161/digital-asset-platform-bakkt-reports-28-8-million-net-loss-in-q3&title=Digital asset platform Bakkt reports $28.8 million net loss in Q3,NEUTRAL
https://www.analyticsinsight.net/an-overview-of-blockchain-technology-attributes-trends-and-the-future/,NEUTRAL
https://www.forbes.com/sites/sisense/?sh=4d2d48925279,NEUTRAL
https://cryptoslate.com/products/,NEUTRAL
https://blockonomi.com/privacy/,NEUTRAL
https://t.me/nulltx,NEUTRAL
https://blockonomi.com/chainlink-price/,NEUTRAL
https://blockonomi.com/cronos-mainnet-beta-live/,NEUTRAL
https://cryptoslate.com/cryptos/energy/,NEUTRAL
https://thecryptobasic.com/2021/11/08/top-altcoin-to-watch-this-week/#respond,NEUTRAL
https://cryptoslate.com/companies/vertical/asset-management/,NEUTRAL
https://decrypt.co/prices,NEUTRAL
https://www.newsbtc.com/analysis/btc/,NEUTRAL
https://cryptoslate.com/companies/vertical/lending-borrowing/,NEUTRAL
https://thecryptobasic.com/2020/12/05/aelf-coin-elf-aelf-price-prediction/,NEUTRAL
https://decrypt.co/learn,NEUTRAL
https://blockworks.co/category/asset-management/,NEUTRAL
https://bitcoinist.com/how-digination-is-on-a-mission-to-make-the-metaverse-feel-real/?utm_source=rss&utm_medium=rss&utm_campaign=how-digination-is-on-a-mission-to-make-the-metaverse-feel-real,NEUTRAL
https://thecryptobasic.com/2021/11/04/top-five-crypto-to-watch-in-november/#respond,NEUTRAL
https://decrypt.co/86020/tezos-nft-marketplace-hic-et-nunc-discontinued,NEUTRAL
https://venturebeat.com/2021/11/12/neon-raises-10-5m-for-blockchain-based-shooter-game-shrapnel/,NEUTRAL
https://coinjoy.io/tags/storj-news,NEUTRAL
https://nulltx.com/oly-sport-hits-all-time-high-of-1-52-up-2600-its-ido-price/,NEUTRAL
https://cryptoslate.com/data-shows-how-aave-overtook-compound-in-defi-lending/,NEUTRAL
https://cryptoslate.com/people/category/founders/,NEUTRAL
https://www.theblockcrypto.com/login,NEUTRAL
https://cryptoslate.com/news/cosmos/,NEUTRAL
https://www.forbes.com/healthcare,NEUTRAL
https://www.tradingview.com/markets/cryptocurrencies/,NEUTRAL
https://cryptonews.com/news/amc-starts-accepting-crypto-regulatory-meetings-bitcoin-mining-difficulty-more-news.htm,POSITIVE
https://cryptoslate.com/bsc-oracle-orakuru-begins-its-dao-transition/,NEUTRAL
https://cointelegraph.com/news/two-firms-account-for-the-majority-of-tether-received-report,NEUTRAL
https://coinjoy.io/media/317/watchdogs-crypto-regulation-in-malta,NEUTRAL
https://blockonomi.com/regulation/,NEUTRAL
https://blockonomi.com/exchanges/,NEUTRAL
https://cryptoslate.com/companies/vertical/marketing/,NEUTRAL
https://www.binance.com/en/support/list/notices,NEUTRAL
https://www.theblockcrypto.com/linked/124161/digital-asset-platform-bakkt-reports-28-8-million-net-loss-in-q3,POSITIVE
https://coinjoy.io/tags/ripple-price-prediction,NEUTRAL
https://nulltx.com/loopring-price-continues-astronomical-rise-up-300-in-a-week/,NEUTRAL
https://www.theblockcrypto.com/post/123782/how-to-build-lasting-wealth-through-crypto-investments,POSITIVE
https://cryptoslate.com/cryptos/prediction/,NEUTRAL
https://consent.yahoo.com/v2/partners?sessionId=3_cc-session_a6cb67b6-a056-4dfd-96a0-56c194f4933a,NEUTRAL
https://www.facebook.com/bitcoinist,NEUTRAL
https://blockworks.co/podcasts/what-bitcoin-did/,NEUTRAL
https://bitcoinist.com/litentry-blockchain-offers-massive-potentials-to-crowdloan-investors/,NEUTRAL
https://thecryptobasic.com/2021/03/25/what-is-pundi-x-npxs-npxs-price-prediction/,NEUTRAL
https://www.forbes.com/hedge-funds-private-equity/,NEUTRAL
https://bitcoinist.com/grayscales-total-crypto-assets-under-management-tops-60-billion/?utm_source=rss&utm_medium=rss&utm_campaign=grayscales-total-crypto-assets-under-management-tops-60-billion,NEUTRAL
https://news.bitcoin.com/gofrom/featured_rotator/square-help-bitcoin-become-the-native-currency-for-the-internet,NEUTRAL
https://www.forbes.com/sites/cognizant/?sh=760f78953093,NEUTRAL
https://cryptoslate.com/products/category/ethereum-dapps/,NEUTRAL
https://cryptoslate.com/edge/,NEUTRAL
https://coinjoy.io/tags/ravencoin-news,NEUTRAL
https://www.todayonchain.com/press-releases/lec-donated-usd-10000-to-germany-china-flooding-all-on-chain/,NEUTRAL
https://www.theblockcrypto.com/reports,NEUTRAL
https://blockonomi.com/apple-ceo-crypto/,NEUTRAL
https://news.bitcoin.com/ovr-upgrades-its-token-economics/,NEUTRAL
https://decrypt.co/85986/timbaland-launches-ape-in-productions-bored-ape-nft-owners,NEUTRAL
https://thecryptobasic.com/2021/10/29/letsexchange-review-non-custodial-exchange-focused-on-privacy-security-and-ease-of-use/,NEUTRAL
https://www.forbes.com/sites/mural/?sh=3db710724f5a,NEUTRAL
https://www.binance.com/en/futuresng-activity/battle,NEUTRAL
https://bitcoinmagazine.com/business/compass-mining-announces-new-service-for-trading-used-asics,NEUTRAL
https://thecryptobasic.com#login-form,POSITIVE
https://thecryptobasic.com/2021/11/13/top-5-meme-coins/#respond,NEUTRAL
https://cointelegraph.com/news/miami-will-hand-out-free-bitcoin-to-residents-from-profits-on-city-coin,POSITIVE
https://nulltx.com/author/michaelrigario/,NEUTRAL
https://bitcoinist.com/category/bitcoin-technology/,NEUTRAL
https://blockonomi.com/contact/,NEUTRAL
https://coinjoy.io/tags/orchid-price-prediction,NEUTRAL
https://coinjoy.io/tags/bankera-bnk-price-prediction,NEUTRAL
https://coinjoy.io/tags/mbl-coin-news,NEUTRAL
https://cryptoslate.com/hacks/,NEUTRAL
https://studentcoin.app/?utm_source=NewsBTC.com&utm_campaign=LatterPosition,POSITIVE
https://thecryptobasic.com/2020/01/28/how-to-buy-bitcoin-cryptocurrency/,NEUTRAL
https://www.binance.com/en/buy-Ripple,NEUTRAL
https://cryptoslate.com/cryptos/defi/,NEUTRAL
https://www.forbes.com/ai/,NEUTRAL
https://www.coindesk.com/business/2021/11/12/big-money-apes-into-blockchain-gaming-with-725m-raise-for-forte/,NEUTRAL
https://bitcoinist.com/how-to-earn-bitcoin-the-definitive-passive-btc-and-crypto-income-guide/,NEUTRAL
https://www.linkedin.com/shareArticle?mini=true&url=https://www.theblockcrypto.com/post/124108/heres-one-rivers-crypto-pitch-to-multi-billion-dollar-pension-funds-and-endowments&title=Here's One River's crypto pitch to multi-billion dollar pension funds and endowments,NEUTRAL
https://cryptoslate.com/cryptos/filesharing/,NEUTRAL
https://cryptoslate.com/cryptos/dex/,NEUTRAL
https://cryptoslate.com/news/uniswap/,NEUTRAL
https://www.binance.com/en/about,NEUTRAL
https://blockworks.co/author/casey-wagner/,NEUTRAL
https://coinjoy.io/news/247969613/phantom-launches-mobile-version-of-its-solana-wallet,NEUTRAL
https://cryptoslate.com/companies/vertical/crypto-casino/,NEUTRAL
https://www.forbes.com/investing/,NEUTRAL
https://cryptoslate.com/cryptos/debit-card/,NEUTRAL
https://cointelegraph.com/news/altcoin-roundup-3-proof-of-work-protocols-focused-on-building-web-3-0,NEUTRAL
https://www.binance.com/en/futures/responsible-trading,NEUTRAL
https://www.theblockcrypto.com/cdn-cgi/l/email-protection#aa95d9dfc8c0cfc9de97f9efe98ad8cfc0cfc9ded98afccbc4efc9c18dd98ad9dac5de8ac8c3dec9c5c3c48aeffeec8ccbc7da91c8c5ced397c2dededad9908585dddddd84dec2cfc8c6c5c9c1c9d8d3dadec584c9c5c785c6c3c4c1cfce859b989e9b939885d9cfc987d8cfc0cfc9ded987dccbc4cfc9c1d987d9dac5de87c8c3dec9c5c3c487cfdecc,NEUTRAL
https://blockonomi.com/about/,NEUTRAL
https://nulltx.com/author/marguinb2/,NEUTRAL
https://bitcoinist.com/how-to-buy-cryptocurrency/,NEUTRAL
https://cryptoslate.com/cryptos/abandoned/,NEUTRAL
https://cryptoslate.com/cryptos/proof-of-work/,NEUTRAL
https://thecryptobasic.com/author/jakkk/,NEUTRAL
https://thecryptobasic.com/2021/11/13/crypto-salaries-revealed-by-business-insider/,NEUTRAL
https://nulltx.com/contact/,NEUTRAL
https://cryptoslate.com/taxes/,NEUTRAL
https://thecryptobasic.com#,POSITIVE
https://thecryptobasic.com/2020/09/01/1inch-exchange-review-tutorial/#comments,NEUTRAL
https://bitcoinist.com/what-is-bitcoin-guide/,NEUTRAL
https://www.binance.com/en/altcoins/tradable,NEUTRAL
https://coinjoy.io/media/310/polkadot-news-crypto-phenomena-is-arising,NEUTRAL
https://decrypt.co/resources/beginners-guide-to-nfts-how-to-buy-an-ethereum-nft,NEUTRAL
https://thecryptobasic.com/,POSITIVE
https://bitcoinist.com/category/bitcoin-investment/,NEUTRAL
https://blockworks.co/author/julie-muroff/,NEUTRAL
https://cryptonews.com/exclusives/the-growing-defi-market-on-bitcoin-whats-yielding-already.htm,NEUTRAL
https://blockworks.co/category/video/,NEUTRAL
https://cryptoslate.com/companies/vertical/software/,NEUTRAL
https://www.theblockcrypto.com/cdn-cgi/l/email-protection#1e216d6b7c747b7d6a235671693e6a713e7c6b77727a3e727f6d6a7770793e697b7f726a763e6a766c716b79763e7d6c676e6a713e7770687b6d6a737b706a6d387f736e257c717a6723766a6a6e6d243131696969306a767b7c72717d757d6c676e6a71307d7173316e716d6a312f2c2d29262c31767169336a71337c6b77727a33727f6d6a77707933697b7f726a76336a766c716b7976337d6c676e6a71337770687b6d6a737b706a6d,NEUTRAL
https://cryptonews.com/exclusives/physical-must-haves-in-a-digital-world-4-essentials-for-bitcoiners.htm,NEUTRAL
https://nulltx.com/category/reviews/,NEUTRAL
https://news.bitcoin.com/bitcoins-hashrate-soars-42-higher-over-the-last-3-months-following-crypto-assets-36-price-increase/,NEUTRAL
https://coinjoy.io/tags/uma-news,NEUTRAL
https://www.theblockcrypto.com/cdn-cgi/l/email-protection#e5da9690878f808691d8a48bc5a09384899084918c8a8bc58a83c5a18c828c918489c5a496968091c5a69096918a819cc5b68a8990918c8a8b96c50765712745a7978a90828d91c5918ac59c8a90c5879cc5a38c978087898a868e96c3848895de878a819cd88d91919596dfcaca929292cb918d8087898a868e86979c95918acb868a88ca958a9691cad4d7d1d4d0d1ca848bc8809384899084918c8a8bc88a83c8818c828c918489c88496968091c8869096918a819cc8968a8990918c8a8b96c887978a90828d91c8918ac89c8a90c8879cc8838c978087898a868e96,NEUTRAL
https://bitcoinist.com/why-use-blockchain-technology/,NEUTRAL
https://coinjoy.io/news/247966346/binance-lists-ethereum-name-service-here-s-all-you-need-to-know-about-it,NEUTRAL
https://coinjoy.io/media,NEUTRAL
https://blockworks.co/category/markets/,NEUTRAL
https://www.binance.org,POSITIVE
https://cryptoslate.com/news/yearn-finance/,NEUTRAL
https://cryptoslate.com/cryptos/education/,NEUTRAL
https://thecryptobasic.com/2020/01/28/what-is-bitcoin-and-how-does-it-work/,NEUTRAL
https://www.theblockcrypto.com/team-members,NEUTRAL
https://blockworks.co/careers/,NEUTRAL
https://cryptoslate.com/cryptos/stablecoin/,NEUTRAL
https://blockworks.co/author/jack-farley/,NEUTRAL
https://www.binance.com/en/landing/data,NEUTRAL
https://www.featured.market/,NEUTRAL
https://www.newsbtc.com/news/yearnfinance/,NEUTRAL
https://www.instagram.com/bitcoin.com_official/,NEUTRAL
https://consent.yahoo.com/redirect?to=https%3A%2F%2Fwww.verizonmedia.com%2Fpolicies%2Fie%2Fen%2Fverizonmedia%2Fprivacy%2Fdashboard%2Findex.html&brandDomain=&brandId=yahoo&tos=eu&step=&sessionId=3_cc-session_a6cb67b6-a056-4dfd-96a0-56c194f4933a&userType=NON_REG,NEUTRAL
https://www.forbes.com/consumer-tech/,NEUTRAL
https://coinjoy.io/media/313/rolling-stocks-fantom-crypto-a-smart-crypto-for-smart-cities,POSITIVE
https://thecryptobasic.com/2021/11/13/shib-hodlers-says-stop-calling-shiba-inu-a-memecoin/,NEUTRAL
https://www.binance.com/en/leveraged-tokens/tokens/allTokens,NEUTRAL
https://cryptoslate.com/companies/vertical/exchanges/,NEUTRAL
https://crypto.com/price,NEUTRAL
https://www.binance.com/en/fee/schedule,NEUTRAL
https://www.binance.com/en/gift-card,NEUTRAL
https://www.newsbtc.com/news/company/how-to-build-an-investment-portfolio/,NEUTRAL
https://cryptoslate.com/adoption/,NEUTRAL
https://www.forbes.com/worlds-billionaires/,NEUTRAL
https://p2p.binance.com/en,NEUTRAL
https://blockworks.co/top-three-tips-to-earning-interest-on-crypto/,NEUTRAL
https://blockworks.co/webinars/treasury-management-for-corporates/?source=alertbar,NEUTRAL
https://cryptoslate.com/culture/,NEUTRAL
https://bitcoinist.com/category/technology/,NEUTRAL
https://blockonomi.com/tron-price/,NEUTRAL
https://research.binance.com/en,NEUTRAL
https://thecryptobasic.com/2020/02/04/key-points-when-selecting-cryptocurrency-exchanges/#respond,NEUTRAL
https://cryptoslate.com/cryptos/amm/,NEUTRAL
https://cryptonews.com/news/defi-industry-must-tackle-lack-of-transparency-pseudonymity-sec-commissioner.htm,NEUTRAL
https://cryptonews.com/news/bitcoin-miners-see-high-prices-as-opportunity-become-sellers.htm,POSITIVE
https://cryptoslate.com/ripple-launches-liquidity-hub-for-enterprise-clients-with-support-for-bitcoin-ethereum-and-others/,NEUTRAL
https://blockworks.co/sec-rejects-vanecks-proposed-spot-bitcoin-etf/,NEUTRAL
https://nulltx.com/category/news/,NEUTRAL
https://www.theblockcrypto.com/cdn-cgi/l/email-protection#99a6eaecfbf3fcfaeda4ddf0fef0edf8f5b9f8eaeafcedb9e9f5f8edfff6ebf4b9dbf8f2f2edb9ebfce9f6ebedeab9bdaba1b7a1b9f4f0f5f5f0f6f7b9f7fcedb9f5f6eaeab9f0f7b9c8aabff8f4e9a2fbf6fde0a4f1edede9eaa3b6b6eeeeeeb7edf1fcfbf5f6faf2faebe0e9edf6b7faf6f4b6f5f0f7f2fcfdb6a8abada8afa8b6fdf0fef0edf8f5b4f8eaeafcedb4e9f5f8edfff6ebf4b4fbf8f2f2edb4ebfce9f6ebedeab4aba1b4a1b4f4f0f5f5f0f6f7b4f7fcedb4f5f6eaeab4f0f7b4e8aa,NEUTRAL
https://coinjoy.io/media/323/weekly-digest-putin-won-t-ban-crypto-and-eth-2-0-altair-upgrade,NEUTRAL
https://coinjoy.io/tags/plant-vs-undead-price-prediction,NEUTRAL
https://coinjoy.io/media/328/weekly-digest-facebook-s-wallet-and-zimbabwe-adoption-with-crypto-daily,NEUTRAL
https://cryptoslate.com/discord-cancels-its-ethereum-plans-days-after-eth-tease/,NEUTRAL
https://thecryptobasic.com/2021/11/09/btc-new-all-time-high-68520-ethereum-new-all-time-high-4838-total-crypto-market-cap-above-3-trillion-for-the-first-time/#respond,POSITIVE
https://www.forbes.com/education/,NEUTRAL
https://cryptoslate.com/products/category/eos-dapps/,NEUTRAL
https://blockonomi.com#,NEUTRAL
https://decrypt.co/84575/the-problem-with-decentralized-exchanges-and-how-to-solve-it,NEUTRAL
https://www.todayonchain.com/press-releases/coinmarketcap-coingecko-and-tradingviews-websites-blocked-in-china/,NEUTRAL
https://www.binance.com/en/about#email,NEUTRAL
https://www.binance.com/en/earn,NEUTRAL
https://blockworks.co/bitwise-withdraws-application-for-bitcoin-futures-etf/,NEUTRAL
https://blockonomi.com/,NEUTRAL
https://blockworks.co/podcasts/forwardguidance/,NEUTRAL
https://coinjoy.io/media/302/weekly-digest-elon-musk-s-shiba-inu-and-floki-inu-price-pump,NEUTRAL
https://www.forbes.com/sites/deloitte/,NEUTRAL
https://bitcoinist.com/best-bitcoin-brokers/,POSITIVE
https://www.newsbtc.com/news/dogecoin/,NEUTRAL
https://bitcoinist.com/bitcoin-cash-abc-vs-bitcoin-cash-sv-examining-the-bitcoin-cash-hash-war/,NEUTRAL
https://cryptoslate.com/recently-added-coins/,NEUTRAL
https://cryptoslate.com/defi/,NEUTRAL
https://cryptoslate.com/cryptos/privacy/,NEUTRAL
https://blockworks.co/author/benstrack/,NEUTRAL
https://www.todayonchain.com/press-releases/,NEUTRAL
https://news.bitcoin.com/analysts-lack-of-trust-in-nigerian-government-an-impediment-to-cbdcs-success-prospects/,NEUTRAL
https://cryptoslate.com/analysis/,NEUTRAL
https://coinjoy.io/news?modal=sources,NEUTRAL
https://blockworks.co/terms/,NEUTRAL
https://cryptoslate.com/cryptos/media/,NEUTRAL
https://blockworks.co/category/metaverse/,NEUTRAL
https://www.theblockcrypto.com/promotions/join-the-block-intro/?ref=nav,NEUTRAL
https://www.publish0x.com/@Coinjoy?a=3YaO7ZNQax&tid=sidebar,NEUTRAL
https://facebook.com/buy.bitcoin.news,NEUTRAL
https://www.fool.com/the-ascent/cryptocurrency/articles/why-video-games-will-drive-mass-adoption-of-blockchain-and-crypto/,NEUTRAL
https://coinjoy.io/media/303/watchdogs-norway-cryptocurrency-regulation,NEUTRAL
https://thecryptobasic.com/2020/09/18/how-to-withdraw-from-binance-to-coinbase/,NEUTRAL
https://voptions.binance.com/en,NEUTRAL
https://cryptoslate.com/people/category/analysts/,NEUTRAL
https://cryptoslate.com/cryptos/social/,NEUTRAL
https://decrypt.co/resources/beginners-guide-to-nfts-how-to-mint-a-non-fungible-token-on-ethereum,NEUTRAL
https://worthpad.io/?utm_source=newsBTC&utm_medium=MenuButton&utm_campaign=newsBTC_MB&utm_term=tokenpresale&utm_content=WORTHPAD,NEUTRAL
https://bitcoinist.com/binance-coin-price/,NEUTRAL
https://cryptoslate.com/news/bitcoin/,NEUTRAL
https://cryptoslate.com/cryptos/real-estate/,NEUTRAL
https://cryptoslate.com/cryptos/transportation/,NEUTRAL
https://www.binance.com/en/buy-Shiba-coin,NEUTRAL
https://www.binance.com/en/careers,NEUTRAL
https://www.theblockcrypto.com/linked/124192/sec-rejects-vanecks-spot-bitcoin-etf,POSITIVE
https://bitcoinist.com/shiba-inu-continues-to-dominate-community-wise-but-why-is-the-price-suffering/?utm_source=rss&utm_medium=rss&utm_campaign=shiba-inu-continues-to-dominate-community-wise-but-why-is-the-price-suffering,NEUTRAL
https://www.binance.com/en/markets,NEUTRAL
https://cryptoslate.com/cryptos/interest-earning/,NEUTRAL
https://thecryptobasic.com/category/latest-crypto-news/,NEUTRAL
https://nulltx.com/author/mwhickey/,NEUTRAL
https://nulltx.com/iotex-price-up-over-90-after-defi-live-event/,NEUTRAL
https://thecryptobasic.com/2021/08/23/ultimate-crypto-trading-guide-for-begginers/,NEUTRAL
https://cryptoslate.com/cryptos/tokens/,NEUTRAL
https://coinjoy.io/media/332/coingecko-review-one-of-the-best-crypto-analysis-tools,POSITIVE
https://blockonomi.com/dias-cross-chain-interoperability-expanded-to-the-layer1-network-solana/,NEUTRAL
https://nulltx.com/page/3/,NEUTRAL
https://www.binance.com/en/desktop-download,NEUTRAL
https://cryptoslate.com/this-ethereum-project-is-bringing-virtual-lifestyles-to-nft-metaverse-decentraland/,NEUTRAL
https://www.wgbh.org/news/local-news/2021/11/12/basic-black-understanding-cryptocurrency,NEUTRAL
https://bitcoinist.com/category/bitcoin-regulation/,NEUTRAL
https://coinjoy.io/media/318/bonus-cake-price-and-the-story-of-the-first-auto-claimed-token,NEUTRAL
https://blockonomi.com/author/blockonomi/,NEUTRAL
https://cryptoslate.com/cryptos/sports/,NEUTRAL
https://thecryptobasic.com/2021/03/24/what-is-tellor-trb-tellor-trb-review-chainlink-vs-tellor/#respond,NEUTRAL
https://www.newsbtc.com/advertising/,NEUTRAL
https://www.forbes.com/sites/servicenow/,NEUTRAL
https://coinjoy.io/tags/sushiswap-price-prediction,NEUTRAL
https://blockonomi.com/news/,NEUTRAL
https://www.binance.com/en/chat,NEUTRAL
https://news.bitcoin.com/sec-rejects-vaneck-bitcoin-spot-market-etf-over-price-manipulation-concerns/,NEUTRAL
https://coinjoy.io/media/304/rolling-stocks-bonfire-crypto-a-platform-for-the-artists,NEUTRAL
https://www.forbes.com/,NEUTRAL
https://blockonomi.com/discord-to-integrate-nfts/,NEUTRAL
https://www.theblockcrypto.com/promotions/join-the-block-intro?ref=daily,NEUTRAL
https://coinjoy.io/tags/utrust-price-prediction,NEUTRAL
https://www.instagram.com/cryptoslate/,NEUTRAL
https://nulltx.com/page/2/,NEUTRAL
https://www.binance.com/en/vip-institutional-services,NEUTRAL
https://blockworks.co/contact-us/,NEUTRAL
https://www.binance.com/en/news/top/6408387,POSITIVE
https://coinjoy.io/tags/xenioscoin-price-prediction,NEUTRAL
https://decrypt.co/85976/grayscale-metaverse-bet-paying-off-decentraland-mana-price,NEUTRAL
https://bitcoinist.com#,NEUTRAL
https://cointelegraph.com/news/amc-theatres-debuts-online-bitcoin-payments-after-months-of-teasing,NEUTRAL
https://www.binance.com/en/official-verification,NEUTRAL
https://thecryptobasic.com/2021/03/05/what-is-an-ieo-or-initial-exchange-offering-in-fundraising/,NEUTRAL
https://nulltx.com/gmatrixs-is-coming-the-blockchain-game-release-platform-boost-the-arrival-of-the-metaverse-era/,NEUTRAL
https://www.facebook.com/NullTX/,NEUTRAL
https://thecryptobasic.com/2020/09/01/1inch-exchange-review-tutorial/,NEUTRAL
https://nomics.com/,NEUTRAL
https://decrypt.co/19326/best-cryptocurrency-hardware-wallets,POSITIVE
https://bitcoinist.com/category/bitcoin-acceptance/,NEUTRAL
https://thecryptobasic.com/2020/12/05/aelf-coin-elf-aelf-price-prediction/#respond,NEUTRAL
https://www.livemint.com/mutual-fund/mf-news/sebi-allows-invesco-mf-to-launch-india-s-first-blockchain-feeder-fund-11636716530607.html,NEUTRAL
https://www.theblockcrypto.com/cdn-cgi/l/email-protection#734c000611191610074e371a141a07121f53120000160753031f1207151c011e533112181807530116031c0107005357414b5d4b531e1a1f1f1a1c1d531d1607531f1c0000531a1d53224055121e0348111c170a4e1b07070300495c5c0404045d071b16111f1c101810010a03071c5d101c1e5c1f1a1d1816175c4241474245425c171a141a07121f5e12000016075e031f1207151c011e5e11121818075e0116031c0107005e414b5e4b5e1e1a1f1f1a1c1d5e1d16075e1f1c00005e1a1d5e0240,NEUTRAL
https://www.theblockcrypto.com/cdn-cgi/l/email-protection#f89b97968c9d968cb88c909d9a94979b939b8a81888c97d69b9795,NEUTRAL
https://cryptoslate.com/cryptos/virtual-reality/,NEUTRAL
https://nulltx.com/vitalik-buterin-co-founder-of-ethereum-owns-100k-dogs-of-elon-doe-tokens/,NEUTRAL
https://thecryptobasic.com/2021/10/29/letsexchange-review-non-custodial-exchange-focused-on-privacy-security-and-ease-of-use/#respond,NEUTRAL
https://bitcoinist.com/trade/,NEUTRAL
https://nulltx.com/123-swap-integrates-polygon/,NEUTRAL
https://blockworks.co/new-york-mayor-elect-gives-city-token-seal-of-approval/,POSITIVE
https://nulltx.com/top-5-meme-coins-to-watch-for-short-term-profit/,NEUTRAL
https://www.binance.com/en/trade/BTC_USDT,NEUTRAL
https://www.forbes.com/big-data/,POSITIVE
https://cointelegraph.com/news/how-traders-can-use-twitter-to-anticipate-altcoin-price-moves,POSITIVE
https://cryptoslate.com/cryptos/fan/,NEUTRAL
https://www.theblockcrypto.com/cdn-cgi/l/email-protection#89b6fafcebe3eceafdb4cbe5e6eae2eae1e8e0e7a9eee8e4e0e7eea9fafde8fbfdfcf9a9cfe6fbfdeca9fbe8e0faecfaa9adbebbbca9e4e0e5e5e0e6e7a9e0e7a9daecfbe0ecfaa9cba9effce7ede0e7eeafe8e4f9b2ebe6edf0b4e1fdfdf9fab3a6a6fefefea7fde1ecebe5e6eae2eafbf0f9fde6a7eae6e4a6f9e6fafda6b8bbbdbbb8b9a6ebe5e6eae2eae1e8e0e7a4eee8e4e0e7eea4fafde8fbfdfcf9a4efe6fbfdeca4fbe8e0faecfaa4bebbbca4e4e0e5e5e0e6e7a4faecfbe0ecfaa4eba4effce7ede0e7ee,NEUTRAL
https://bitcoinist.com/best-bitcoin-wallet/,POSITIVE
https://bitcoinist.com/,NEUTRAL
https://cryptoslate.com/cryptos/crowdfunding/,NEUTRAL
https://t.me/cryptoslatenews,NEUTRAL
https://coinjoy.io/tags/gala-price-prediction,NEUTRAL
https://nulltx.com/major-exchanges-rush-to-list-ethereum-name-service-ens-price-doubles/,NEUTRAL
https://www.newsbtc.com/analysis/eth/,NEUTRAL
https://cryptoslate.com/cryptos/insurance/,NEUTRAL
https://thecryptobasic.com/2020/01/28/what-is-cryptocurrency-mining/,NEUTRAL
https://coinjoy.io/media/312/weekly-digest-cardano-s-first-stablecoin-and-coingecko-nft-conference,NEUTRAL
https://www.theblockresearch.com,NEUTRAL
https://cryptonews.com/exclusives/lots-of-soaring-some-record-breaking-nfting-and-20-crypto-jokes.htm,NEUTRAL
https://decrypt.co/news,NEUTRAL
https://coinjoy.io/news/248023924/russian-duma-creates-working-group-to-tackle-crypto-mining-regulations,NEUTRAL
https://thecryptobasic.com/author/albert-brown/,NEUTRAL
https://coinjoy.io/advertising,NEUTRAL
https://www.newsbtc.com/casinos/,NEUTRAL
https://decrypt.co/resources/what-is-shiba-inu-shib-meme-coin-dogecoin-rival,NEUTRAL
https://decrypt.co/?,NEUTRAL
https://cryptoslate.com/companies/vertical/retail/,NEUTRAL
https://blockworks.co/financial-disclosures/,NEUTRAL
https://cryptoslate.com/companies/,NEUTRAL
https://cryptoslate.com/cryptos/leveraged-tokens/,NEUTRAL
https://bitcoinist.com/category/eos/,NEUTRAL
https://t.me/CoinJoy_io,NEUTRAL
https://www.binance.com/en/futures,NEUTRAL
https://cryptoslate.com/highest-volume/,NEUTRAL
https://www.forbes.com/games/,NEUTRAL
https://nulltx.com/conference-nft-will-be-held-in-kyiv-for-the-first-time/,NEUTRAL
https://coinjoy.io/tags/ravencoin-price-prediction,NEUTRAL
https://cryptoslate.com/mining/,NEUTRAL
https://www.binance.com/en/news,NEUTRAL
https://www.forbes.com/fintech/,NEUTRAL
https://coinjoy.io/media/327/robinhood-crypto-wallet-review-on-a-recently-announced-app,NEUTRAL
https://nulltx.com/huh-token-is-still-a-scam-proof-of-email-harassment/,NEUTRAL
https://bitcoinist.com/category/reviews/,NEUTRAL
https://thecryptobasic.com/author/ammara-mubin/,NEUTRAL
https://www.newsbtc.com/analysis/btc/bitcoin-consolidates-losses-66k/,NEUTRAL
https://thecryptobasic.com/2021/09/09/smart-algo-trading-robots-the-future-of-trading/#respond,NEUTRAL
https://cryptoslate.com/news/chainlink/,NEUTRAL
https://coinjoy.io/tags/chia-price-prediction,NEUTRAL
https://news.bitcoin.com/advertise/,NEUTRAL
https://www.vauld.com/,NEUTRAL
https://www.forbes.com/sites/windriver/,NEUTRAL
https://www.youtube.com/channel/UCjP89m-vh4Oah0ulZel5baw,NEUTRAL
https://www.newsbtc.com/sponsored/,NEUTRAL
https://cryptoslate.com/news/vechain/,NEUTRAL
https://coinjoy.io/news/248019391/binance-ceo-announces-head-office-establishment-plans-in-france,NEUTRAL
https://www.binance.com/en/download,NEUTRAL
https://cryptoslate.com/products/category/dapp-browsers/,NEUTRAL
https://www.binance.com/en/fan-token,NEUTRAL
https://www.facebook.com/sharer/sharer.php?u=https://coinjoy.io/media/342/weekly-digest-binance-in-france-and-twitter-s-crypto-team&quote=Weekly%20Digest:%20Binance%20in%20France%20&%20Twitter's%20Crypto%20Team,NEUTRAL
https://news.bitcoin.com/moonshot-to-90k-after-bitcoin-upgrade-taproot-activates-crypto-advocates-expect-price-to-rally/,NEUTRAL
https://www.cnbc.com/2021/11/12/what-investors-should-know-about-the-bitcoin-taproot-upgrade.html,NEUTRAL
https://coinjoy.io/tags/plant-vs-undead-news,NEUTRAL
https://www.youtube.com/channel/UCetxkZolEBHX47BqtZktbkg,NEUTRAL
https://news.bitcoin.com/terra-to-burn-4-5-billion-worth-of-luna-from-community-pool/,NEUTRAL
https://www.forbes.com/innovation/,NEUTRAL
https://cryptoslate.com/cryptos/interoperability/,NEUTRAL
https://www.instagram.com/decryptmedia/,NEUTRAL
https://coinjoy.io/media/335/orbuculum-hoge-finance-price-prediction-for-q4-2021,NEUTRAL
https://coinjoy.io/tags/omg-network-price-prediction,NEUTRAL
https://decrypt.co/85607/pixlr-genesis-users-are-building-the-louvre-of-the-metaverse-with-nfts,NEUTRAL
http://www.theblockresearch.com,NEUTRAL
https://www.binance.com/en/support,NEUTRAL
https://bitcoinist.com/bitcoin-vs-ethereum/,NEUTRAL
https://cryptoslate.com/people/category/regulators/,NEUTRAL
https://cryptoslate.com/contact/,NEUTRAL
https://cryptoslate.com/cryptos/oracle/,NEUTRAL
https://blockworks.co/category/defi/,NEUTRAL
https://www.blockworks.co/careers/,NEUTRAL
https://www.binance.com/en/activity/referral,NEUTRAL
https://www.linkedin.com/sharing/share-offsite/?url=https://coinjoy.io/media/342/weekly-digest-binance-in-france-and-twitter-s-crypto-team,NEUTRAL
https://crypto.com/price/crypto-com-coin,NEUTRAL
https://bitcoinist.com/category/bitcoin-security/,NEUTRAL
https://coinbuzzfeed.com/,NEUTRAL
https://blockworks.co/category/op-ed/,NEUTRAL
https://www.binance.com/en/trade-margin/BTC_USDT,NEUTRAL
https://news.bitcoin.com/russia-to-change-13-laws-and-codes-for-digital-ruble/,NEUTRAL
https://blockworks.co/category/macro/,NEUTRAL
https://decrypt.co/84141/digitalax-is-racing-to-build-an-os-for-digital-fashion-in-the-metaverse,NEUTRAL
https://labs.binance.com/,NEUTRAL
https://bitcoinmagazine.com/culture/amc-theatres-now-accept-bitcoin-for-payment,NEUTRAL
https://coinjoy.io/tags/skale-price-prediction,NEUTRAL
https://coinjoy.io/media/339/uniswap-review-things-you-should-know-before-using-dex,NEUTRAL
https://cryptonews.com/news/16-of-surveyed-americans-are-crypto-investors-traders-users-think-tank.htm,NEUTRAL
https://www.forbes.com/taxes/,NEUTRAL
https://coinjoy.io/media/305/time-machine-the-most-significant-ripple-news-for-the-past-two-years,NEUTRAL
https://blockonomi.com/parsiq-iq-protocol-solana/,NEUTRAL
https://news.bitcoin.com/finiko-fugitives-suspected-of-moving-750-btc-from-crypto-pyramids-wallet/,NEUTRAL
https://blockworks.co/goldman-sachs-gives-coin-buy-rating-despite-q3-earnings-miss/,NEUTRAL
https://www.binance.com/en/support/announcement,NEUTRAL
https://cryptoslate.com/regulation/,NEUTRAL
https://coinjoy.io/terms,NEUTRAL
https://coinjoy.io/tags/district0x-price-prediction,NEUTRAL
https://cryptoslate.com/cryptos/polkadot-ecosystem/,NEUTRAL
https://thecryptobasic.com/2021/11/03/ethereum-is-still-popular-among-miners-even-without-mining-fees-as-ethereum-hashrate-reaches-new-all-time-high/#respond,NEUTRAL
https://www.theblockcrypto.com/cdn-cgi/l/email-protection#3a05494f58505f594e077c5b541a4e55515f541a4a565b4e5c5548571a6955595355491a4a5f54491a5e5f5b561a4d534e521a4e525f1a494a55484e491a575b545b5d5f481a585f5253545e1a4e525f1a745f4d1a7f545d565b545e1a6a5b4e4853554e491c5b574a0158555e4307524e4e4a490015154d4d4d144e525f58565559515948434a4e551459555715565354515f5e150b080e08080c155c5b54174e55515f54174a565b4e5c55485717495559535549174a5f5449175e5f5b56174d534e52174e525f17494a55484e4917575b545b5d5f4817585f5253545e174e525f17545f4d175f545d565b545e174a5b4e4853554e49,NEUTRAL
https://www.theblockcrypto.com/podcasts,NEUTRAL
https://www.newsbtc.com/analysis/xtz/,NEUTRAL
https://uk.yahoo.com/,NEUTRAL
https://blockonomi.com/trading/,NEUTRAL
https://www.binance.com/en/swap/pool,NEUTRAL
https://thecryptobasic.com/2021/02/01/vertcoin-guide/,POSITIVE
https://blockworks.co/,NEUTRAL
https://news.bitcoin.com/,NEUTRAL
https://thecryptobasic.com/2020/03/07/best-12-profitable-staking-coins-list-and-exchanges/,POSITIVE
https://coinjoy.io/media/333/weekly-digest-iota-smart-contracts-and-rarible-s-content-credentials,POSITIVE
https://cryptoslate.com/cryptos/cannabis/,NEUTRAL
https://www.instagram.com/coinbuzzfeed/,NEUTRAL
https://www.binance.com/en/buy-Ethereum,NEUTRAL
https://c2c.binance.com/en/merchantApplication,NEUTRAL
https://cryptonews.com/news/south-koreas-prospective-new-president-mulls-giving-a-crypto-to-all-citizens.htm,NEUTRAL
https://news.bitcoin.com#,NEUTRAL
https://cryptoslate.com/news/dogecoin/,NEUTRAL
https://www.theblockcrypto.com/post/124210/blockchain-gaming-startup-forte-raises-725-million-series-b-funding,NEUTRAL
https://nulltx.com/axie-infinity-is-the-most-googled-nft-collection-of-2021/,NEUTRAL
https://www.forbes.com/sites/genesyscontactcentercloud/,NEUTRAL
https://blockworks.co/webinars/treasury-management-for-corporates/,NEUTRAL
https://bitcoinist.com/category/bitcoin/,NEUTRAL
https://blockonomi.com/press-release/,NEUTRAL
https://coinjoy.io,NEUTRAL
https://coinjoy.io/tags/feg-token-price-prediction,NEUTRAL
https://blockworks.co/author/brian-nibley/,NEUTRAL
https://cryptoslate.com/derivatives/,NEUTRAL
https://www.theblockcrypto.com/newsletter-signup,NEUTRAL
https://blockonomi.com/market-cap/,NEUTRAL
https://www.forbes.com/sites/forbeseq,NEUTRAL
https://thecryptobasic.com/2021/11/12/russian-seriously-thinking-to-regulate-crypto-mining-soon/,NEUTRAL
https://blockworks.co/events/permissionless/,NEUTRAL
https://www.forbes.com/money/,NEUTRAL
https://news.bitcoin.com/austria-plans-to-tax-cryptocurrencies-like-stocks-vows-equal-treatment/,NEUTRAL
https://bitcoinist.com/facebook-the-rise-of-a-giant-and-the-libra-cryptocurrency/,NEUTRAL
https://www.binance.com/en/news/top/6421393,NEUTRAL
https://nulltx.com/how-cryptocurrency-is-silently-winning-the-war-for-instant-payment/,NEUTRAL
https://card.binance.com/en,NEUTRAL
https://www.binance.com/en/buy-DeFi-tokens,NEUTRAL
https://www.todayonchain.com/about/,NEUTRAL
https://coinjoy.io/tags/eclipse-token-news,NEUTRAL
https://www.forbes.com/cloud/,NEUTRAL
https://thecryptobasic.com/2021/11/03/ethereum-is-still-popular-among-miners-even-without-mining-fees-as-ethereum-hashrate-reaches-new-all-time-high/,NEUTRAL
https://thecryptobasic.com/2020/09/11/how-to-set-a-stop-loss-on-binance-futures/#comments,NEUTRAL
https://bitcoinist.com/monero-price/,NEUTRAL
https://decrypt.co/features,NEUTRAL
https://www.theblockcrypto.com/cdn-cgi/l/email-protection#dde2aea8bfb7b8bea9e08e989efdafb8b7b8bea9aefd8bbcb398beb6faaefdaeadb2a9fdbfb4a9beb2b4b3fd98899bfbbcb0ade6bfb2b9a4e0b5a9a9adaee7f2f2aaaaaaf3a9b5b8bfb1b2beb6beafa4ada9b2f3beb2b0f2b1b4b3b6b8b9f2ecefe9ece4eff2aeb8bef0afb8b7b8bea9aef0abbcb3b8beb6aef0aeadb2a9f0bfb4a9beb2b4b3f0b8a9bb,NEUTRAL
https://cryptoslate.com/companies/vertical/venture-capital/,NEUTRAL
https://nulltx.com/advertise/,NEUTRAL
https://blockworks.co/are-bonds-still-the-smart-money/,NEUTRAL
https://blockworks.co/author/jacquelynmelinek/,NEUTRAL
https://blockonomi.com/advertise/,NEUTRAL
https://coinjoy.io/tags/vethor-token-news,NEUTRAL
https://thecryptobasic.com/category/cryptocurrency-guides/,NEUTRAL
https://thecryptobasic.com/2020/07/27/how-to-set-a-stop-loss-on-binance/,NEUTRAL
https://thecryptobasic.com/2021/02/23/tradesanta-review/,NEUTRAL
https://blockonomi.com/finance/,NEUTRAL
https://www.theblockcrypto.com/post/123787/amplifire-an-event-by-lisk,NEUTRAL
https://coinjoy.io/tags/smooth-love-potion-price-prediction,NEUTRAL
https://thecryptobasic.com/category/latest-crypto-news/cryptocurrency-reviews/,NEUTRAL
https://www.linkedin.com/shareArticle?mini=true&url=https://www.theblockcrypto.com/linked/124192/sec-rejects-vanecks-spot-bitcoin-etf&title=SEC rejects VanEck's spot bitcoin ETF,NEUTRAL
https://bitcoinist.com/how-topgoal-is-building-the-football-metaverse/?utm_source=rss&utm_medium=rss&utm_campaign=how-topgoal-is-building-the-football-metaverse,NEUTRAL
https://coinjoy.io/tags/shiba-Inu-price-prediction,POSITIVE
https://cryptoslate.com/people/category/executives/,NEUTRAL
https://thecryptobasic.com/submit-crypto-press-release-pr/,NEUTRAL
https://www.linkedin.com/shareArticle?mini=true&url=https://www.theblockcrypto.com/post/123787/amplifire-an-event-by-lisk&title=AmpliFire - An Event by Lisk,NEUTRAL
https://blockonomi.com/k-pop-entertainment-giants-embrace-nfts/,NEUTRAL
https://bitcoinist.com/category/naga/,NEUTRAL
https://coinjoy.io/media/326/binance-review-a-giant-among-cryptocurrency-exchanges,NEUTRAL
https://blockworks.co/clients/,NEUTRAL
https://nulltx.com/category/featured/,NEUTRAL
https://thecryptobasic.com/2020/03/07/best-12-profitable-staking-coins-list-and-exchanges/#comments,POSITIVE
https://nulltx.com/dogemoon-the-deflationary-currency-1-2-burn-per-transaction/,NEUTRAL
https://thecryptobasic.com/2021/11/12/kart-racing-league-announces-public-sale-of-governance-token/,NEUTRAL
https://cryptoslate.com/hedera-network-will-soon-see-its-first-defi-project/,NEUTRAL
https://cryptoslate.com/technology/,NEUTRAL
https://cryptoslate.com/news/terra/,NEUTRAL
https://www.theblockcrypto.com/post/124154/an-evaluation-of-digital-asset-custody-solutions-brought-to-you-by-fireblocks,NEUTRAL
https://cointelegraph.com/news/myetherwallet-allows-users-to-mint-ethereum-blocks-as-nfts,NEUTRAL
https://thecryptobasic.com/2021/11/10/escrow-protocols-investment-platform-token-is-set-to-start-trading-on-exchanges-towards-year-end/,POSITIVE
https://www.youtube.com/channel/UCwlxQ4D_GPhYpJc5p-JfRzA,NEUTRAL
https://cryptoslate.com/cryptos/entertainment/,NEUTRAL
https://coinjoy.io/tags/cosmos-price-prediction,NEUTRAL
https://cryptoslate.com/cryptos/iot/,NEUTRAL
https://cryptoslate.com/cryptos/masternode/,NEUTRAL
https://thecryptobasic.com/2020/01/28/best-crypto-trading-bot/,NEUTRAL
https://cryptoslate.com/news/litecoin/,NEUTRAL
https://news.bitcoin.com/unnamed-south-african-investor-proposes-buying-51-stake-in-collapsed-crypto-firm-for-5-million/,NEUTRAL
https://www.facebook.com/pages/category/News---Media-Website/CoinJoyio-104985467902583/,NEUTRAL
https://thecryptobasic.com/2021/03/11/wunderbit-exchange-wunderbit-trading-review/,NEUTRAL
https://cryptoslate.com/cryptos/identity/,NEUTRAL
https://nulltx.com/category/news/crypto/,NEUTRAL
https://bitcoinist.com/category/ripple/,NEUTRAL
https://decrypt.co/85966/cosmos-solana-ventures-join-725m-series-b-crypto-gaming-platform-forte,NEUTRAL
https://cryptoslate.com/companies/vertical/advisory/,NEUTRAL
https://coinjoy.io/media/337/weekly-digest-disney-nft-s-and-polkadot-new-all-time-high,NEUTRAL
https://thecryptobasic.com/category/latest-crypto-news/crypto-analysis/,NEUTRAL
https://www.forbes.com/top-advisor-shook/,NEUTRAL
https://thecryptobasic.com/2021/11/13/top-5-meme-coins/,NEUTRAL
https://coinjoy.io/tags/solanium-price-prediction,NEUTRAL
https://decrypt.co/85964/the-collectoooooor-pplpleasr-latest-nft-art-solana-ethereum,NEUTRAL
https://www.forbes.com/crypto-blockchain/,NEUTRAL
https://www.theblockcrypto.com/data/crypto-markets/spot,POSITIVE
https://www.binance.com/en,NEUTRAL
https://coinjoy.io/portfolio,NEUTRAL
https://www.todayonchain.com/press-releases/fuzzyone-where-knowledge-is-the-real-currency/,NEUTRAL
https://thecryptobasic.com/2020/10/01/binance-savings/,NEUTRAL
https://news.bitcoin.com/gofrom/featured_rotator/russia-to-change-13-laws-and-codes-for-digital-ruble,NEUTRAL
https://coinjoy.io/tags/orchid-news,NEUTRAL
https://thecryptobasic.com/tag/shiba-inu/,NEUTRAL
https://www.theblockcrypto.com/cdn-cgi/l/email-protection#80bff3f5e2eae5e3f4bdc9eee4e9e1a7f3a0e7eff6e5f2eeede5eef4a0e9f3a0ede5e5f4e9eee7a0f7e9f4e8a0e3f2f9f0f4efa0e9eee4f5f3f4f2f9a0e5f8e5e3f5f4e9f6e5f3a0efeea0cdefeee4e1f9a6e1edf0bbe2efe4f9bde8f4f4f0f3baafaff7f7f7aef4e8e5e2ecefe3ebe3f2f9f0f4efaee3efedaff0eff3f4afb1b2b4b1b6b4afe9eee4e9e1ade7eff6e5f2eeede5eef4adede5e5f4e9eee7ade3f2f9f0f4efade9eee4f5f3f4f2f9ade5f8e5e3f5f4e9f6e5f3adeeeff6e5ede2e5f2,NEUTRAL
https://coinjoy.io/about,NEUTRAL
https://cryptoslate.com/cbdcs/,NEUTRAL
https://nulltx.com#,NEUTRAL
https://coinjoy.io/tags/kava-price-prediction,POSITIVE
https://nulltx.com/author/kyleportman234999/,NEUTRAL
https://www.binance.com/en/support/law-enforcement,NEUTRAL
https://cryptoslate.com/academia/,NEUTRAL
https://coinjoy.io/tags/harmony-one-price-prediction,NEUTRAL
https://decrypt.co/84071/afghanistan-bitcoin,NEUTRAL
https://cryptoslate.com/interviews/,NEUTRAL
https://t.me/blockonomicom,NEUTRAL
https://nulltx.com/livepeer-price-continues-to-rise-potential-shopify-partnership-brewing/,NEUTRAL
https://www.newsbtc.com/news/company/aspo-world-eyes-ido-after-closing-2-million-fundraising-round/,NEUTRAL
https://www.binance.com/en/news/top/6406875,NEUTRAL
https://cryptoslate.com/memecoins/,NEUTRAL
https://research.binance.com/,NEUTRAL
https://coinjoy.io/news,NEUTRAL
https://www.binance.com/en/news/top/6406874,NEUTRAL
https://nulltx.com#login-form,NEUTRAL
https://www.binance.com/en/buy-Dogecoin-Doge,NEUTRAL
https://t.me/DecryptNews,NEUTRAL
https://www.newsbtc.com/news/bitcoin/,NEUTRAL
https://blockonomi.com/fintech/,NEUTRAL
https://thecryptobasic.com/2021/11/09/btc-new-all-time-high-68520-ethereum-new-all-time-high-4838-total-crypto-market-cap-above-3-trillion-for-the-first-time/,POSITIVE
https://blockworks.co/category/education/,NEUTRAL
https://cryptoslate.com/news/solana/,NEUTRAL
https://cryptoslate.com/products/category/asic-miners/,NEUTRAL
https://bitcoinist.com/ripple-and-xrp-the-complete-guide/,NEUTRAL
https://nulltx.com/mina-price-up-20-after-digital-currency-summit-2021-live-event/,NEUTRAL
https://coinjoy.io/tags/the-graph-news,NEUTRAL
https://cryptoslate.com/about/,NEUTRAL
https://thecryptobasic.com/2021/11/09/slowly-but-surely-after-surpassing-facebook-tesla-visa-ali-baba-nivida-in-market-cap-bitcoin-is-on-its-way-to-beat-silver/#respond,POSITIVE
https://nulltx.com/,NEUTRAL
https://news.bitcoin.com/russian-nationalists-prepare-bill-to-regulate-cryptocurrency-mining/,NEUTRAL
https://www.newsbtc.com/trading-courses/,NEUTRAL
https://www.theblockcrypto.com/linked/124226/fan-token-platform-socios-pens-deal-with-the-sports-manager-behind-the-new-england-patriots,NEUTRAL
https://www.todayonchain.com/press-releases/day-5-highlights-of-landmark-kleiman-v-wright-trial/,NEUTRAL
https://coinjoy.io/tags/xenioscoin-news,NEUTRAL
https://www.binance.com/en/buy-Bitcoin-Cash,NEUTRAL
https://www.newsbtc.com/sportsbooks/,NEUTRAL
https://www.forbes.com/sites/googlecloud/,NEUTRAL
https://cryptoslate.com/people/category/influencers/,NEUTRAL
https://coinjoy.io/media/341/defying-gravity-ariva-project-that-will-make-travelling-easier,NEUTRAL
https://nulltx.com/discover-blockchain-ideas-with-marketsquare-the-new-hub-for-the-decentralized-world/,NEUTRAL
https://news.bitcoin.com/cardingo-a-curated-designer-nft-marketplace-and-series-for-cardano/,NEUTRAL
https://cryptoslate.com/cryptos/ai/,NEUTRAL
https://bitcoinist.com/bulls-put-on-the-spot-as-vaneck-bitcoin-etf-is-rejected/?utm_source=rss&utm_medium=rss&utm_campaign=bulls-put-on-the-spot-as-vaneck-bitcoin-etf-is-rejected,NEUTRAL
https://bitcoinmagazine.com/markets/as-us-inflation-rises-bitcoin-offers-a-hedge,NEUTRAL
https://www.wyomingpublicmedia.org/business/2021-11-12/blockchain-company-citydao-buys-40-acres-in-park-county,NEUTRAL
https://launchpad.binance.com/en,NEUTRAL
https://coinmarketcap.com/exchanges/binance/,NEUTRAL
https://nulltx.com/bluezelle-price-up-28-as-team-announces-integration-with-metaverse/,NEUTRAL
https://thecryptobasic.com/2021/11/08/top-altcoin-to-watch-this-week/,NEUTRAL
https://www.forbes.com/careers/,NEUTRAL
https://coinjoy.io/media/309/defying-gravity-gala-blockchain-gaming-platform,NEUTRAL
https://crypto.com/price/dogecoin,NEUTRAL
https://thecryptobasic.com/tag/bitcoin/,NEUTRAL
https://blockonomi.com/metaverse/,NEUTRAL
"https://www.linkedin.com/shareArticle?mini=true&url=https://www.theblockcrypto.com/post/124246/fintech-unicorn-nubank-expects-twin-public-listings-next-month-invites-app-users-to-become-partners&title=Fintech unicorn Nubank expects twin public listings next month, invites app users to become partners",NEUTRAL
https://coinjoy.io/media/314/entrepot-marketplace-bringing-nfts-to-the-internet-computer-blockchain,NEUTRAL
https://www.forbes.com/sites/dell-technologies/2021/11/03/how-this-event-executive-chooses-tech-to-keep-the-show-running/?sh=6a0c33eb2a37,NEUTRAL
https://blockonomi.com/coinbase-review/,NEUTRAL
https://cointelegraph.com/news/bitcoin-derivatives-markets-healthier-than-in-q1-says-research-after-fresh-leverage-shakeout,NEUTRAL
https://crypto.com/price/xrp,NEUTRAL
https://www.newsbtc.com/news/ethereum/discord-planned-to-integrate-ethereum-huge-backlash-made-them-cancel-everything/,NEUTRAL
https://www.forbes.com/sites/splunk/?sh=34871b38316e,NEUTRAL
https://www.theblockcrypto.com/about,NEUTRAL
https://blockonomi.com/bitcoin-cash-price/,NEUTRAL
https://thecryptobasic.com/2021/03/25/what-is-pundi-x-npxs-npxs-price-prediction/#respond,NEUTRAL
https://www.newsbtc.com/news/ripple/,NEUTRAL
https://bitcoinmagazine.com/technical/understanding-taproot-in-a-simple-way,NEUTRAL
https://cointelegraph.com/news/b2b-firms-want-cross-border-payments-but-skeptical-of-crypto-survey,NEUTRAL
https://coinjoy.io/tags/stormx-news,NEUTRAL
https://bitcoinmagazine.com/technical/discussing-the-fake-peer-attack-on-bitcoin,NEUTRAL
https://nulltx.com/the-pulse-bomber-miner-sustainably-high-roi-rewards/,NEUTRAL
https://www.newsbtc.com/analysis/ltc/,NEUTRAL
https://www.todayonchain.com/news/,NEUTRAL
https://coinjoy.io/tags/ecomi-omi-price-prediction,POSITIVE
https://bitcoinist.com/bitcoin-mining-everything-you-need-to-know/,NEUTRAL
https://www.instagram.com/nulltx/,NEUTRAL
https://vk.com/binance,NEUTRAL
https://www.todayonchain.com/press-releases/anfs-lsquo-s-high-performance-blockchain-consensus-hpos-launched-to-increase-operational-efficiency-and-scalability-of-blockchain-networks/,NEUTRAL
https://www.forbes.com/cybersecurity/,NEUTRAL
https://cryptoslate.com/trending/,NEUTRAL
https://cryptoslate.com/dogecoin-doge-community-prepares-for-mainstream-adoption-as-devs-taunt-the-new-version-release/,NEUTRAL
https://coinjoy.io/tags/skale-news,NEUTRAL
https://news.bitcoin.com/adalend-announcing-imminent-cross-platform-development/,NEUTRAL
https://www.theblockcrypto.com/terms-service,NEUTRAL
https://www.binance.com/en/loan,NEUTRAL
https://bitcoinist.com/universal-music-announces-first-nft-band-kingship/?utm_source=rss&utm_medium=rss&utm_campaign=universal-music-announces-first-nft-band-kingship,NEUTRAL
https://blockset.com/?utm_source=theblock&utm_medium=mobilead&utm_campaign=theblockmobile&utm_term=theblockmobile&utm_content=20210106-banner75,NEUTRAL
https://bitcoinist.com/category/press-releases/,NEUTRAL
https://thecryptobasic.com/2021/09/09/smart-algo-trading-robots-the-future-of-trading/,NEUTRAL
https://thecryptobasic.com/2020/07/03/phemex-review/#comments,NEUTRAL
https://nulltx.com/has-the-covid-19-crisis-rejuvenated-the-blockchain-industry/,NEUTRAL
https://coinjoy.io/media/331/rolling-stocks-avalanche-crypto-review,NEUTRAL
https://coinjoy.io/tags/ankr-news,NEUTRAL
https://coinjoy.io/tags/nu-cypher-price-prediction,NEUTRAL
https://coinjoy.io/tags/solana-price-prediction,NEUTRAL
https://coinjoy.io/media/63/best-bitcoin-tumblers-mixers-to-use-in-2021,POSITIVE
https://coinjoy.io/media/319/weekly-digest-million-cosmos-transfers-on-ibc-and-elrond-defi,NEUTRAL
https://coinjoy.io/tags/nucypher-news,NEUTRAL
https://cryptonews.com/news/tinder-bumble-fall-head-over-heels-for-crypto-metaverse.htm,NEUTRAL
https://cryptoslate.com/cryptos/ecommerce/,NEUTRAL
https://pool.binance.com/en/home,NEUTRAL
https://cryptoslate.com/partnerships/,NEUTRAL
https://www.forbes.com/money-politics/,NEUTRAL
https://cryptoslate.com/opinion/,NEUTRAL
